0,10684,10008,6967,14090,11972,9185,10981,8570,4809,13102,10706,12149,6316,6642,13793,13297,8895,9005,13623,12797,11805,8297,3076,10611,6951,2929,2367,15847,16385,11958,8709,9998,6766,8073,10950,9970,11313,10105,12668,12031,9690,3501,5503,10167,11563,6847,11551,9661,7523,9060,12842,9385,11279,13550,13312,6895,1364,12108,8609,6674,11347,8768,14104,12037,14315,11793,8283,11544,9732,11098,9825,10812,4487,8030,2800,11987,9600,4466,6538,9989,9654,6314,9500,11772,11305,1351,12088,5679,13898,5779,9060,8006,9594,11394,8692,11442,11314,8576,9083,10512,4362,7218,11837,11275,10607
10684,0,3898,3734,7915,3556,1958,7339,5673,14487,3572,11401,4967,4752,4280,4706,3406,2729,3723,4941,2598,1518,8191,7846,1546,5197,13189,12543,10587,10743,5343,2217,840,5937,2611,1962,2090,3433,1542,3979,2912,4067,7881,15766,1450,2578,4012,1497,2031,4412,1672,6537,1606,2434,8230,4581,7309,10385,22772,7009,4076,1323,2007,4726,5638,24989,2968,3698,3945,2923,2379,1021,1053,6808,2731,10496,2761,3924,7120,7819,3245,1060,6749,1564,1805,2137,12023,4518,9087,4328,6370,7808,11364,3585,2780,4533,6952,4840,3086,1857,3488,6738,3466,3559,4484,5755
10008,3898,0,4100,11745,7437,2494,10681,8436,14542,3542,14112,8782,5987,3762,8558,7145,1887,6710,8828,6283,5317,10667,7932,5320,7153,12873,12252,14398,14591,9099,2821,3252,7888,3881,2231,1824,1479,2368,7878,2574,7345,6578,14233,5028,6464,5241,3219,1999,6587,4027,10325,2768,2104,11969,8471,9350,10222,21887,3435,5001,5214,3160,8523,9382,24030,2259,6260,7746,1040,1988,4210,2975,7528,3356,10851,6659,409,5615,9704,6683,3903,8536,2692,3185,6018,11207,8357,10584,8100,4380,10564,13321,534,1955,1404,10445,8520,5741,4526,671,7305,4248,1994,1318,9175
6967,3734,4100,0,9424,5866,2319,7445,4839,10999,6370,10224,6679,1906,907,7566,6692,2342,3639,7575,6051,4987,6753,4264,3985,3209,9565,8920,11872,12215,6765,1807,3031,3888,1157,4160,3246,4941,3238,6527,5340,4456,4225,12048,3513,5155,1244,4624,2898,2843,2194,7959,2453,4575,9336,7214,5321,6773,19072,5354,928,4569,1807,7761,6979,21282,5164,2906,5752,3346,4401,2966,3874,3528,1082,7093,5543,3773,3587,5633,4195,2742,4469,2578,4867,4788,8300,6407,6487,7459,3246,6807,9230,3568,4776,3429,7437,6074,2682,2383,4311,3355,424,5401,5378,6183
14090,7915,11745,9424,0,4385,9380,3348,5532,15740,10796,7306,2962,8485,10330,4160,5592,10173,5811,3624,6277,6775,6471,11141,6427,7330,15388,14846,2678,2854,2700,9270,8493,7347,8625,9853,9924,11318,9389,4154,10571,4984,12980,19571,6728,5360,8485,9119,9759,7036,7937,1471,9046,10283,1011,3834,7355,13073,24730,14445,8855,6684,8895,4552,2455,26924,10723,6597,3999,10718,10259,7560,8949,9710,9184,12262,5286,11694,12697,7853,5291,7883,7789,9094,9357,5785,15315,3398,9223,4910,12653,5543,9405,11354,10624,12049,2709,3365,6742,7472,11394,9919,9004,11360,12395,3524
11972,3556,7437,5866,4385,0,5197,4624,4317,14855,6500,9219,1522,5685,6710,1821,1923,6012,3006,1716,2199,2415,6655,8900,2160,5156,13969,13350,7063,7194,2020,5196,4206,5623,4831,5474,5614,6935,5069,697,6199,2505,9953,17408,2555,980,5319,4738,5488,4475,3927,3080,4841,5899,4809,1368,6504,11285,23651,10360,5613,2300,4841,2162,2318,25884,6342,3689,768,6431,5878,3371,4574,7533,5305,10929,942,7425,9429,7095,1989,3704,6388,4866,4984,1420,13308,1040,8580,2056,9058,5946,10076,7084,6239,7900,4013,1820,3446,3553,7044,7618,5453,6977,8019,3157
9185,1958,2494,2319,9380,5197,0,8187,5988,13317,4054,11716,6429,3936,2563,6571,5349,817,4219,6744,4554,3466,8308,6580,3037,4881,11856,11212,12005,12234,6699,518,1119,5640,1580,1842,991,2814,925,5729,3037,4853,6134,14053,2667,4268,3136,2373,641,4230,1534,7934,365,2278,9540,6376,7105,9074,21289,5167,3017,3197,720,6634,6972,23487,2885,3808,5395,1471,2110,1834,1654,5804,1256,9409,4545,2353,5305,7521,4215,1503,6364,396,2587,3824,10495,6033,8571,6252,4452,8137,11157,2025,2511,2703,7960,6090,3264,2033,2393,5655,2245,3208,3530,6686
10981,7339,10681,7445,3348,4624,8187,0,2735,12393,10789,4673,3333,6027,8323,5626,6489,8868,3988,5114,6814,6775,3124,8166,5827,4656,12090,11566,4889,5407,2779,7906,7618,4433,6981,9248,8982,10681,8523,4905,10248,3347,10341,16405,5902,5304,6289,8796,8721,4662,6654,2638,7928,9747,2611,5072,4113,9882,21382,12777,6670,6466,7543,6099,2560,23576,10304,4579,3876,9652,9666,6604,8367,6784,7570,8981,5493,10518,10238,4567,4104,6861,4688,8019,9089,5569,12150,3732,5890,6261,10470,2195,6203,10202,10089,10599,770,2806,4991,6156,10509,7038,7065,10877,11621,1590
8570,5673,8436,4839,5532,4317,5988,2735,0,10730,9244,5769,3845,3300,5684,5962,6170,6559,1951,5613,6136,5662,2544,5610,4404,1923,10081,9500,7538,8002,3520,5615,5691,1815,4579,7376,6897,8702,6522,4906,8509,1890,7627,14064,4268,4498,3631,7166,6589,1998,4530,4279,5799,7890,5085,5395,2211,7608,19656,10193,4005,5230,5286,6385,3538,21880,8495,2180,3626,7449,7774,4740,6583,4184,5147,6954,4854,8215,7503,2802,2703,4910,2331,5911,7475,4545,9819,3952,4297,6356,7758,2165,5881,7925,8211,8148,2975,2976,2743,4071,8379,4407,4492,8992,9516,2039
4809,14487,14542,10999,15740,14855,13317,12393,10730,0,17358,10170,14575,9752,10920,16616,16499,13193,11892,16314,16183,15331,9278,6738,14022,9752,1990,2448,16827,17449,14228,12806,13934,9233,11957,15152,14209,15739,14237,15511,16310,12362,8247,6141,13638,14713,10475,15595,13872,10512,12814,14791,13442,15544,14962,16067,8559,4320,8991,13409,10436,14851,12773,17006,14208,11194,16108,11350,14258,14118,15366,13517,14842,7684,12077,4005,15131,14138,9185,7994,12922,13427,8480,13570,15852,14565,4136,14662,6541,16903,10497,10203,7115,14085,15711,13300,13052,13706,11819,12695,14980,7750,11135,16246,15843,12633
13102,3572,3542,6370,10796,6500,4054,10789,9244,17358,0,14967,8021,7911,6481,6878,5329,4209,7295,7318,4544,4097,11757,10620,4980,8629,15850,15211,13448,13484,8494,4571,3697,9388,5537,2211,3153,2069,3152,6642,1073,7605,9832,17654,5002,5601,7114,2080,3486,7876,4951,9574,3980,1825,11304,7030,10806,13090,25149,6839,7044,4336,4663,6659,8797,27324,1340,7226,7101,3415,2005,4530,2733,9847,5307,13463,5560,3894,8905,11289,6760,4425,10175,3847,1771,5259,14374,7540,12471,6218,7772,11378,14880,3742,1728,4912,10324,8121,6611,5301,2881,9706,6287,1593,2896,9200
10706,11401,14112,10224,7306,9219,11716,4673,5769,10170,14967,0,8003,8368,10932,10298,11121,12225,7692,9780,11366,11160,3471,8812,10025,7018,10623,10289,7278,7937,7452,11310,11459,6348,10231,13145,12649,14464,12287,9559,14269,7382,11560,15471,9965,9776,8985,12899,12332,7525,10292,7159,11549,13658,6306,9746,5000,9362,18792,15404,9303,10784,11003,10771,7231,20873,14261,7923,8453,13158,13543,10499,12341,7885,10765,8021,10027,13857,11849,4898,8240,10677,5919,11665,13206,9963,11505,8387,5097,10933,12549,3605,3059,13588,13980,13650,5405,7410,8506,9838,14107,8205,9960,14761,15245,6064
12149,4967,8782,6679,2962,1522,6429,3333,3845,14575,8021,8003,0,6068,7571,2329,3205,7229,3251,1865,3665,3931,5825,9088,3466,5198,13882,13287,5624,5812,559,6343,5531,5476,5778,6917,6962,8387,6428,1598,7697,2480,10527,17645,3770,2451,5892,6229,6798,4681,5017,1577,6091,7361,3297,1758,6035,11315,23492,11531,6236,3777,5971,2798,829,25719,7828,4047,1037,7756,7328,4603,6009,7663,6315,10771,2464,8733,10121,6617,2485,4928,6137,6136,6484,2855,13452,482,8110,2930,9924,5005,9208,8393,7705,9112,2639,869,4033,4571,8437,7807,6255,8456,9450,2117
6316,4752,5987,1906,8485,5685,3936,6027,3300,9752,7911,8368,6068,0,2565,7500,6992,4166,2818,7368,6542,5615,4904,3275,4349,1434,8553,7912,10730,11146,5998,3429,4279,2021,2379,5731,4923,6712,4776,6381,6944,3603,4500,11724,3930,5247,801,5973,4570,1450,3088,7075,3941,6199,8217,7042,3423,5772,18222,7070,987,5139,3262,7796,6148,20452,6814,2034,5327,5170,6038,3767,5233,2069,2723,5752,5672,5671,4245,3727,3727,3696,2563,4075,6255,5001,7662,5922,4646,7583,4466,5055,7334,5453,6446,5320,6172,5307,2261,2943,6147,2045,1751,7135,7242,5017
6642,4280,3762,907,10330,6710,2563,8323,5684,10920,6481,10932,7571,2565,0,8373,7419,2279,4546,8409,6731,5644,7469,4217,4751,3962,9370,8732,12778,13122,7667,2121,3496,4586,1896,4310,3334,4829,3472,7359,5417,5363,3606,11514,4283,5957,2053,4935,3020,3687,2903,8864,2802,4656,10242,8045,5968,6623,18735,4527,1684,5258,2273,8545,7884,20929,5198,3806,6630,3203,4476,3648,4212,3781,1559,7125,6331,3389,2853,6219,5090,3380,5078,2906,5142,5570,7941,7288,6922,8224,2358,7589,9749,3255,4800,2837,8333,6977,3588,3177,4103,3547,1326,5329,5078,7083
13793,4706,8558,7566,4160,1821,6571,5626,5962,16616,6878,10298,2329,7500,8373,0,1550,7381,4818,556,2379,3241,8120,10721,3643,6960,15772,15156,6691,6654,2860,6670,5486,7393,6477,6412,6785,7791,6241,1128,6858,4256,11715,19224,4101,2416,7108,5516,6736,6293,5502,3337,6206,6748,4910,579,8172,13100,25446,11708,7386,3392,6344,473,3067,27679,7068,5510,2358,7620,6773,4837,5586,9352,6897,12715,2056,8619,11150,8763,3808,5158,8136,6202,5690,2816,15129,2049,10258,750,10692,7322,11520,8282,7063,9230,4896,3092,5252,5197,8070,9439,7165,7714,8914,4431
13297,3406,7145,6692,5592,1923,5349,6489,6170,16499,5329,11121,3205,6992,7419,1550,0,6134,4622,2005,867,1889,8564,10267,2724,6747,15488,14855,8187,8180,3760,5531,4232,7306,5548,4954,5424,6291,4892,1607,5325,4299,10913,18626,3191,1787,6465,4023,5420,5995,4518,4566,4988,5257,6245,1759,8316,12741,25178,10393,6686,2181,5244,1393,4032,27411,5545,5160,2689,6252,5295,3775,4176,8981,5879,12524,1370,7240,10259,8903,3605,4063,8107,4961,4177,1992,14646,2765,10369,958,9660,7868,11983,6911,5561,7925,5832,3711,4753,4324,6622,9017,6323,6189,7417,5069
8895,2729,1887,2342,10173,6012,817,8868,6559,13193,4209,12225,7229,4166,2279,7381,6134,0,4881,7560,5324,4246,8781,6471,3853,5277,11648,11010,12787,13027,7485,962,1905,6018,1994,2080,1094,2605,1400,6546,3141,5561,5688,13586,3476,5085,3395,2850,847,4700,2265,8722,1179,2385,10309,7192,7485,8902,20961,4350,3190,3999,1328,7435,7754,23145,2919,4389,6198,1007,2204,2645,2222,5862,1477,9359,5361,1660,4803,7857,4967,2313,6689,1180,3001,4641,10175,6839,8802,7048,3828,8680,11486,1367,2521,1889,8678,6864,3891,2758,1981,5674,2415,3080,3083,7399
9005,3723,6710,3639,5811,3006,4219,3988,1951,11892,7295,7692,3251,2818,4546,4818,4622,4881,0,4620,4416,3797,4483,5929,2492,2154,10965,10345,8233,8579,3216,3919,3786,2686,3011,5467,5066,6834,4650,3691,6577,827,7283,14473,2321,2845,2684,5218,4781,1483,2700,4359,3983,5980,5698,4315,3807,8282,20650,8862,3047,3343,3559,5166,3396,22883,6576,801,2541,5690,5873,2808,4650,4540,3600,7940,3252,6535,6916,4374,1031,3004,3494,4085,5527,2775,10331,3111,5796,5025,6846,4090,7750,6222,6308,6622,3854,2518,1013,2211,6579,4643,3226,7095,7707,2577
13623,4941,8828,7575,3624,1716,6744,5114,5613,16314,7318,9780,1865,7368,8409,556,2005,7560,4620,0,2781,3535,7688,10548,3746,6732,15526,14916,6186,6176,2372,6802,5687,7120,6520,6724,7031,8132,6483,1050,7241,3992,11669,19081,4184,2496,7030,5862,6956,6102,5581,2783,6381,7086,4357,370,7822,12885,25182,11905,7327,3619,6462,1011,2557,27413,7437,5350,2091,7864,7099,4962,5872,9157,6972,12446,2201,8865,11143,8411,3644,5290,7838,6388,6054,2929,14951,1661,9907,1299,10748,6870,11073,8526,7408,9430,4375,2679,5150,5238,8367,9262,7164,8084,9250,3982
12797,2598,6283,6051,6277,2199,4554,6814,6136,16183,4544,11366,3665,6542,6731,2379,867,5324,4416,2781,0,1098,8616,9807,2193,6463,15087,14449,8912,8940,4195,4772,3435,7081,4895,4087,4576,5428,4051,2145,4479,4247,10275,18060,2630,1642,5951,3158,4587,5682,3858,5141,4198,4392,6856,2486,8202,12313,24764,9550,6136,1482,4508,2258,4487,26994,4691,4844,2938,5401,4429,3090,3318,8576,5176,12187,1340,6384,9582,8779,3458,3351,7900,4161,3317,1642,14148,3191,10212,1824,8924,7987,12010,6057,4698,7089,6212,4009,4366,3732,5756,8585,5704,5336,6554,5309
11805,1518,5317,4987,6775,2415,3466,6775,5662,15331,4097,11160,3931,5615,5644,3241,1889,4246,3797,3535,1098,0,8197,8853,1338,5701,14166,13524,9449,9543,4398,3675,2347,6371,3830,3189,3556,4610,3018,2664,3796,3824,9204,17021,1693,1506,4976,2357,3536,4902,2795,5496,3107,3563,7224,3190,7598,11377,23821,8513,5131,482,3412,3224,4700,26048,3958,4082,3007,4390,3567,2021,2345,7674,4087,11327,1490,5385,8497,8156,2971,2265,7198,3075,2584,1208,13155,3452,9540,2817,7826,7660,11531,5051,3893,6042,6262,4042,3542,2723,4835,7659,4654,4600,5721,5202
8297,8191,10667,6753,6471,6655,8308,3124,2544,9278,11757,3471,5825,4904,7469,8120,8564,8781,4483,7688,8616,8197,0,5837,6948,3548,9071,8580,7700,8289,5357,7883,8147,2883,6792,9824,9261,11090,8933,7162,10984,4387,8423,13569,6804,6974,5514,9677,8934,4086,6937,5642,8165,10335,5686,7541,1642,7079,18264,11960,5832,7771,7590,8574,5250,20454,10949,4568,5909,9730,10209,7232,9066,4677,7313,6018,7302,10402,8585,1787,5228,7374,2548,8286,9986,7059,9354,6073,2836,8619,9175,929,3421,10139,10646,10179,3818,5028,5173,6510,10690,4988,6491,11416,11826,3711
3076,7846,7932,4264,11141,8900,6580,8166,5610,6738,10620,8812,9088,3275,4217,10721,10267,6471,5929,10548,9807,8853,5837,0,7614,3896,5342,4697,13055,13558,8916,6070,7238,3796,5263,8414,7473,9045,7501,9595,9575,6621,2807,8557,7184,8516,3880,8876,7135,4447,6183,9844,6713,8808,10671,10237,4253,2539,14969,7562,3771,8384,6052,11038,9008,17195,9377,5211,8469,7419,8631,6924,8124,1438,5345,2918,8942,7541,3338,4065,6915,6792,3497,6840,9127,8276,4408,9017,3816,10842,4432,6452,6682,7446,8982,6806,8552,8261,5525,6140,8315,1286,4423,9541,9249,7627
10611,1546,5320,3985,6427,2160,3037,5827,4404,14022,4980,10025,3466,4349,4751,3643,2724,3853,2492,3746,2193,1338,6948,7614,0,4364,12898,12258,9088,9272,3812,3058,2069,5033,2859,3506,3497,4975,2963,2710,4429,2643,8196,15908,472,1250,3766,2970,3345,3566,1860,5022,2681,3981,6700,3376,6276,10121,22571,8202,3968,863,2716,3794,4105,24801,4505,2744,2431,4299,3924,1220,2598,6390,3254,10020,1588,5285,7567,6829,1787,1551,5861,2709,3263,827,11962,3038,8204,3476,7053,6469,10242,4943,4326,5740,5415,3295,2212,1605,4975,6393,3606,5104,6009,4238
6951,5197,7153,3209,7330,5156,4881,4656,1923,9752,8629,7018,5198,1434,3962,6960,6747,5277,2154,6732,6463,5701,3548,3896,4364,0,8814,8196,9445,9892,5020,4419,4933,764,3316,6543,5863,7694,5606,5835,7746,2752,5713,12449,4043,4961,1967,6588,5520,801,3679,5982,4793,7042,6965,6443,2225,6154,18496,8485,2296,5222,4164,7317,5120,20730,7664,1624,4641,6251,6897,4176,5897,2466,3800,5788,5378,6873,5582,2665,3184,4219,1554,4922,6890,4829,8256,5152,3893,7179,5891,3630,6288,6621,7327,6632,4874,4365,2171,3353,7224,2626,2945,8067,8350,3809
2929,13189,12873,9565,15388,13969,11856,12090,10081,1990,15850,10623,13882,8553,9370,15772,15488,11648,10965,15526,15087,14166,9071,5342,12898,8814,0,646,16765,17359,13597,11358,12570,8414,10600,13665,12699,14135,12781,14649,14787,11534,6426,4911,12483,13710,9210,14189,12375,9515,11525,14302,12017,14026,14700,15249,8041,2803,9691,11527,9113,13692,11368,16131,13618,11925,14565,10338,13438,12531,13846,12262,13439,6513,10647,3135,14134,12466,7385,7535,11991,12134,7754,12140,14429,13512,2147,13907,6235,15982,8700,9959,7607,12440,14166,11583,12679,13016,10740,11467,13350,6508,9754,14653,14155,12079
2367,12543,12252,8920,14846,13350,11212,11566,9500,2448,15211,10289,13287,7912,8732,15156,14855,11010,10345,14916,14449,13524,8580,4697,12258,8196,646,0,16280,16866,13011,10714,11924,7813,9954,13024,12059,13505,12137,14032,14149,10924,5841,5183,11842,13079,8565,13544,11734,8890,10879,13738,11372,13387,14177,14636,7492,2157,10323,10976,8467,13050,10723,15511,13039,12556,13928,9710,12827,11898,13207,11617,12794,5877,10002,2586,13504,11846,6794,7001,11369,11489,7170,11496,13785,12878,1818,13303,5748,15358,8109,9455,7312,11815,13529,10971,12139,12422,10106,10823,12723,5867,9108,14021,13539,11509
15847,10587,14398,11872,2678,7063,12005,4889,7538,16827,13448,7278,5624,10730,12778,6691,8187,12787,8233,6186,8912,9449,7700,13055,9088,9445,16765,16280,0,658,5306,11867,11148,9302,11157,12529,12581,13995,12051,6813,13246,7422,15158,21230,9372,8037,10844,11796,12406,9296,10534,4074,11678,12961,2536,6438,8955,14710,25735,17013,11223,9362,11491,7031,5033,27880,13400,8982,6657,13367,12936,10199,11624,11666,11730,13715,7960,14335,14976,9353,7848,10518,9575,11733,12032,8461,16986,6070,10534,7427,15055,6841,9968,13996,13301,14651,4571,5927,9212,10056,14061,11913,11459,14037,15069,5729
16385,10743,14591,12215,2854,7194,12234,5407,8002,17449,13484,7937,5812,11146,13122,6654,8180,13027,8579,6176,8940,9543,8289,13558,9272,9892,17359,16866,658,0,5548,12121,11340,9787,11455,12667,12769,14125,12232,6884,13333,7759,15601,21789,9581,8173,11222,11899,12609,9702,10788,4311,11899,13084,2930,6454,9501,15266,26368,17291,11598,9489,11746,6961,5291,28518,13501,9345,6849,13567,13068,10413,11768,12158,12021,14295,8064,14545,15387,9916,8127,10737,10093,11947,12125,8607,17540,6236,11124,7374,15421,7415,10616,14205,13421,14902,5027,6198,9540,10320,14229,12397,11798,14143,15213,6129
11958,5343,9099,6765,2700,2020,6699,2779,3520,14228,8494,7452,559,5998,7667,2860,3760,7485,3216,2372,4195,4398,5357,8916,3812,5020,13597,13011,5306,5548,0,6574,5855,5227,5931,7303,7288,8774,6764,2155,8129,2400,10488,17461,4071,2898,5896,6656,7104,4575,5241,1237,6372,7760,2888,2298,5671,11077,23171,11746,6254,4206,6199,3332,303,25394,8246,4016,1409,8065,7718,4894,6393,7481,6487,10473,2958,9029,10131,6245,2597,5211,5843,6427,6920,3274,13245,1006,7729,3482,10006,4514,8717,8691,8105,9356,2081,698,4087,4773,8784,7646,6342,8867,9820,1651
8709,2217,2821,1807,9270,5196,518,7906,5615,12806,4571,11310,6343,3429,2121,6670,5531,962,3919,6802,4772,3675,7883,6070,3058,4419,11358,10714,11867,12121,6574,0,1397,5174,1103,2360,1495,3295,1431,5768,3555,4603,5721,13634,2641,4307,2632,2843,1141,3797,1333,7811,682,2795,9377,6432,6641,8572,20816,5190,2501,3352,376,6768,6837,23018,3400,3439,5321,1848,2627,1840,2104,5286,737,8893,4620,2619,4923,7044,4029,1514,5882,792,3073,3874,10026,5971,8070,6405,4157,7748,10680,2315,3024,2784,7721,5940,2931,1814,2810,5136,1727,3707,3944,6440
9998,840,3252,3031,8493,4206,1119,7618,5691,13934,3697,11459,5531,4279,3496,5486,4232,1905,3786,5687,3435,2347,8147,7238,2069,4933,12570,11924,11148,11340,5855,1397,0,5693,1977,1685,1434,3066,918,4692,2841,4279,7103,15006,1791,3247,3499,1694,1283,4188,1255,7077,766,2199,8734,5321,7120,9769,22103,6224,3499,2097,1238,5531,6142,24313,2806,3581,4494,2230,2088,1014,967,6291,1979,9967,3488,3220,6318,7595,3529,783,6478,728,1982,2798,11329,5106,8780,5143,5537,7854,11197,2879,2523,3746,7304,5295,2974,1637,2940,6191,2816,3309,4019,6061
6766,5937,7888,3888,7347,5623,5640,4433,1815,9233,9388,6348,5476,2021,4586,7393,7306,6018,2686,7120,7081,6371,2883,3796,5033,764,8414,7813,9302,9787,5227,5174,5693,0,4071,7307,6624,8454,6370,6282,8509,3137,5933,12266,4739,5530,2665,7342,6280,1525,4439,6075,5556,7806,6883,6855,1468,5850,18062,9082,2962,5896,4924,7776,5285,20293,8428,2296,5042,7000,7661,4918,6655,2375,4541,5326,5938,7599,5920,1902,3705,4972,828,5686,7645,5439,8030,5493,3176,7671,6367,3096,5525,7355,8090,7318,4765,4616,2878,4102,7974,2611,3656,8829,9097,3843
8073,2611,3881,1157,8625,4831,1580,6981,4579,11957,5537,10231,5778,2379,1896,6477,5548,1994,3011,6520,4895,3830,6792,5263,2859,3316,10600,9954,11157,11455,5931,1103,1977,4071,0,3352,2571,4390,2397,5470,4565,3767,5380,13201,2389,4061,1579,3645,2221,2708,1037,7154,1562,3822,8636,6155,5538,7798,20162,5868,1527,3414,884,6650,6170,22378,4439,2430,4802,2942,3663,1809,2895,4333,589,7996,4436,3641,4713,5944,3334,1593,4785,1696,3915,3675,9413,5462,6997,6334,4229,6688,9581,3360,4078,3618,6863,5260,1998,1283,3910,4220,855,4787,5040,5583
10950,1962,2231,4160,9853,5474,1842,9248,7376,15152,2211,13145,6917,5731,4310,6412,4954,2080,5467,6724,4087,3189,9824,8414,3506,6543,13665,13024,12529,12667,7303,2360,1685,7307,3352,0,987,1471,955,5830,1214,5928,7767,15658,3351,4495,4931,990,1291,5825,2894,8490,1790,513,10190,6379,8753,10894,23032,5626,4843,3179,2470,6342,7599,25219,1127,5256,5902,1544,420,2669,910,7641,3097,11251,4619,2407,6874,9207,5144,2468,8070,1656,1008,4068,12241,6461,10332,5911,5842,9539,12828,2119,844,3290,8892,6801,4653,3315,1670,7496,4080,1634,2547,7675
9970,2090,1824,3246,9924,5614,991,8982,6897,14209,3153,12649,6962,4923,3334,6785,5424,1094,5066,7031,4576,3556,9261,7473,3497,5863,12699,12059,12581,12769,7288,1495,1434,6624,2571,987,0,1833,548,6066,2102,5635,6781,14677,3221,4643,4125,1803,354,5196,2373,8510,1100,1335,10166,6671,8087,9937,22047,4975,3993,3412,1700,6780,7574,24233,1919,4727,5926,835,1158,2418,1284,6762,2220,10333,4849,1835,5893,8509,4925,2131,7354,986,1924,4196,11257,6534,9562,6368,4886,9057,12144,1497,1534,2531,8702,6723,4156,2855,1528,6599,3215,2216,2643,7445
11313,3433,1479,4941,11318,6935,2814,10681,8702,15739,2069,14464,8387,6712,4829,7791,6291,2605,6834,8132,5428,4610,11090,9045,4975,7694,14135,13505,13995,14125,8774,3295,3066,8454,4390,1471,1833,0,2185,7269,1176,7345,7943,15678,4802,5958,5920,2275,2174,7029,4173,9961,2925,1047,11661,7795,9919,11429,23275,4803,5756,4637,3530,7684,9071,25431,864,6542,7373,1627,1059,4078,2381,8466,3989,11947,6066,1848,6992,10334,6582,3839,9175,2804,2121,5535,12546,7929,11358,7245,5800,10866,13970,1749,730,2869,10345,8269,5960,4636,837,8278,4974,532,1126,9116
10105,1542,2368,3238,9389,5069,925,8523,6522,14237,3152,12287,6428,4776,3472,6241,4892,1400,4650,6483,4051,3018,8933,7501,2963,5606,12781,12137,12051,12232,6764,1431,918,6370,2397,955,548,2185,0,5517,2169,5179,7012,14928,2707,4097,3976,1477,564,4903,1998,7982,835,1438,9646,6122,7823,9999,22205,5501,3892,2864,1515,6241,7053,24401,2060,4371,5394,1381,1291,1926,823,6695,2163,10320,4301,2382,6157,8268,4443,1663,7126,701,1670,3651,11411,5996,9379,5833,5224,8686,11894,2044,1723,3039,8219,6210,3781,2452,2023,6556,3135,2483,3104,6972
12668,3979,7878,6527,4154,697,5729,4905,4906,15511,6642,9559,1598,6381,7359,1128,1607,6546,3691,1050,2145,2664,7162,9595,2710,5835,14649,14032,6813,6884,2155,5768,4692,6282,5470,5830,6066,7269,5517,0,6449,3149,10637,18105,3140,1462,6010,5022,5970,5166,4535,3001,5367,6223,4711,687,7109,11973,24326,10895,6299,2668,5423,1495,2425,26559,6620,4385,1280,6894,6220,3929,4952,8224,5924,11598,1219,7894,10100,7701,2681,4259,7035,5380,5241,1905,14003,1173,9192,1460,9698,6408,10580,7554,6555,8424,4232,2176,4141,4188,7446,8313,6118,7263,8374,3548
12031,2912,2574,5340,10571,6199,3037,10248,8509,16310,1073,14269,7697,6944,5417,6858,5325,3141,6577,7241,4479,3796,10984,9575,4429,7746,14787,14149,13246,13333,8129,3555,2841,8509,4565,1214,2102,1176,2169,6449,0,6975,8760,16592,4361,5245,6143,1474,2443,7018,4081,9271,3004,766,10994,6921,9949,12033,24076,5965,6049,3924,3682,6708,8430,26251,317,6421,6720,2347,944,3770,1927,8841,4292,12432,5286,2894,7835,10411,6158,3610,9278,2870,1215,4855,13301,7224,11545,6265,6715,10665,14026,2711,663,3901,9841,7686,5812,4477,1903,8688,5281,883,2221,8662
9690,4067,7345,4456,4984,2505,4853,3347,1890,12362,7605,7382,2480,3603,5363,4256,4299,5561,827,3992,4247,3824,4387,6621,2643,2752,11534,10924,7422,7759,2400,4603,4279,3137,3767,5928,5635,7345,5179,3149,6975,0,8088,15178,2617,2608,3509,5556,5376,2201,3319,3532,4584,6434,4889,3719,4020,8903,21196,9633,3874,3418,4233,4644,2571,23428,7008,1621,1906,6312,6344,3268,5065,5205,4351,8462,2968,7197,7739,4608,860,3516,3887,4673,5859,2672,11003,2401,6084,4561,7671,3840,7764,6876,6772,7350,3118,1706,1792,2820,7161,5337,4040,7562,8274,1838
3501,7881,6578,4225,12980,9953,6134,10341,7627,8247,9832,11560,10527,4500,3606,11715,10913,5688,7283,11669,10275,9204,8423,2807,8196,5713,6426,5841,15158,15601,10488,5721,7103,5933,5380,7767,6781,7943,7012,10637,8760,8088,0,7919,7725,9328,4655,8489,6510,5946,6417,11575,6399,8033,12671,11320,6786,4064,15333,5198,4342,8793,5877,11941,10646,17497,8498,6483,9713,6419,7854,7186,7788,3746,5151,5157,9730,6171,972,6715,8100,6945,5918,6496,8671,8984,4634,10339,6620,11658,2278,8914,9486,6200,8105,5227,10588,9794,6543,6592,7121,3438,4591,8473,7816,9488
5503,15766,14233,12048,19571,17408,14053,16405,14064,6141,17654,15471,17645,11724,11514,19224,18626,13586,14473,19081,18060,17021,13569,8557,15908,12449,4911,5183,21230,21789,17461,13634,15006,12266,13201,15658,14677,15678,14928,18105,16592,15178,7919,0,15448,16936,12167,16405,14418,12996,14229,18340,14314,15892,18998,18761,12293,6524,8031,11792,11940,16585,13772,19514,17540,10008,16314,13731,17014,14247,15715,15004,15706,9984,13037,7586,17356,13840,8784,11877,15438,14790,11782,14413,16581,16645,4258,17571,10786,19284,9884,14395,12490,13936,15930,12830,16902,16813,13977,14329,14841,9841,12367,16207,15343,16102
10167,1450,5028,3513,6728,2555,2667,5902,4268,13638,5002,9965,3770,3930,4283,4101,3191,3476,2321,4184,2630,1693,6804,7184,472,4043,12483,11842,9372,9581,4071,2641,1791,4739,2389,3351,3221,4802,2707,3140,4361,2617,7725,15448,0,1693,3321,2941,3034,3242,1402,5298,2323,3846,6945,3815,6034,9699,22148,7813,3511,1213,2287,4262,4355,24377,4404,2445,2733,3995,3771,835,2465,5984,2796,9634,2050,4966,7095,6573,1800,1164,5566,2367,3246,1288,11517,3367,7916,3947,6591,6381,10045,4626,4189,5365,5544,3504,1872,1134,4730,5975,3135,4976,5797,4324
11563,2578,6464,5155,5360,980,4268,5304,4498,14713,5601,9776,2451,5247,5957,2416,1787,5085,2845,2496,1642,1506,6974,8516,1250,4961,13710,13079,8037,8173,2898,4307,3247,5530,4061,4495,4643,5958,4097,1462,5245,2608,9328,16936,1693,0,4772,3778,4529,4209,3094,4026,3908,4924,5748,2126,6589,10972,23401,9436,5024,1328,3966,2614,3200,25634,5378,3376,1501,5465,4900,2468,3594,7209,4488,10738,426,6462,8741,7171,1845,2797,6337,3924,4032,448,12910,1980,8621,2349,8279,6355,10368,6120,5266,6966,4766,2542,2992,2781,6065,7256,4758,6010,7040,3751
6847,4012,5241,1244,8485,5319,3136,6289,3631,10475,7114,8985,5892,801,2053,7108,6465,3395,2684,7030,5951,4976,5514,3880,3766,1967,9210,8565,10844,11222,5896,2632,3499,2665,1579,4931,4125,5920,3976,6010,6143,3509,4655,12167,3321,4772,0,5190,3772,1636,2340,7040,3141,5398,8311,6687,4116,6412,18848,6572,382,4510,2462,7368,6079,21074,6013,1890,5059,4394,5237,3055,4446,2801,1936,6487,5190,4941,4235,4465,3446,2952,3296,3275,5469,4479,8197,5687,5439,7121,4214,5565,8091,4707,5646,4665,6340,5198,1889,2260,5372,2728,995,6338,6478,5118
11551,1497,3219,4624,9119,4738,2373,8796,7166,15595,2080,12899,6229,5973,4935,5516,4023,2850,5218,5862,3158,2357,9677,8876,2970,6588,14189,13544,11796,11899,6656,2843,1694,7342,3645,990,1803,2275,1477,5022,1474,5556,8489,16405,2941,3778,5190,0,2004,5823,2928,7804,2173,1234,9524,5528,8745,11395,23657,6614,5173,2453,2825,5416,6957,25858,1604,5152,5247,2500,1279,2454,753,7975,3542,11642,3837,3396,7633,9238,4723,2370,8140,2053,309,3382,12865,5758,10457,4979,6675,9305,12814,3101,1547,4256,8375,6213,4537,3242,2636,7865,4459,2243,3398,7208
9661,2031,1999,2898,9759,5488,641,8721,6589,13872,3486,12332,6798,4570,3020,6736,5420,847,4781,6956,4587,3536,8934,7135,3345,5520,12375,11734,12406,12609,7104,1141,1283,6280,2221,1291,354,2174,564,5970,2443,5376,6510,14418,3034,4529,3772,2004,0,4862,2082,8332,798,1677,9971,6592,7745,9607,21748,4979,3639,3346,1357,6755,7386,23938,2269,4413,5760,962,1503,2211,1387,6410,1866,9989,4761,1940,5637,8162,4692,1905,7005,703,2163,4080,10956,6380,9209,6353,4674,8745,11798,1598,1887,2506,8461,6522,3852,2573,1798,6250,2861,2568,2930,7198
7523,4412,6587,2843,7036,4475,4230,4662,1998,10512,7876,7525,4681,1450,3687,6293,5995,4700,1483,6102,5682,4902,4086,4447,3566,801,9515,8890,9296,9702,4575,3797,4188,1525,2708,5825,5196,7029,4903,5166,7018,2201,5946,12996,3242,4209,1636,5823,4862,0,2938,5630,4107,6330,6776,5797,2932,6811,19206,8195,2014,4423,3510,6630,4713,21439,6951,839,4022,5645,6192,3394,5145,3059,3242,6530,4631,6334,5685,3416,2487,3454,2341,4233,6127,4055,8849,4578,4688,6468,5813,4008,7009,6063,6625,6191,4752,3891,1370,2581,6606,3161,2507,7379,7740,3573
9060,1672,4027,2194,7937,3927,1534,6654,4530,12814,4951,10292,5017,3088,2903,5502,4518,2265,2700,5581,3858,2795,6937,6183,1860,3679,11525,10879,10534,10788,5241,1333,1255,4439,1037,2894,2373,4173,1998,4535,4081,3319,6417,14229,1402,3094,2340,2928,2082,2938,0,6478,1284,3403,8047,5213,5870,8722,21127,6514,2413,2376,958,5652,5504,23348,4022,2373,4001,2998,3273,775,2220,5138,1395,8825,3448,3881,5741,6341,2703,613,5224,1388,3224,2686,10405,4656,7531,5322,5192,6693,9947,3557,3710,4117,6428,4607,1787,499,3880,5066,1863,4480,5010,5153
12842,6537,10325,7959,1471,3080,7934,2638,4279,14791,9574,7159,1577,7075,8864,3337,4566,8722,4359,2783,5141,5496,5642,9844,5022,5982,14302,13738,4074,4311,1237,7811,7077,6075,7154,8490,8510,9961,7982,3001,9271,3532,11575,18340,5298,4026,7040,7804,8332,5630,6478,0,7606,8937,1730,2872,6272,11884,23773,12980,7406,5353,7436,3792,984,25984,9404,5150,2593,9293,8902,6125,7581,8407,7715,11167,4015,10261,11263,6812,3821,6444,6595,7659,8057,4431,14097,2047,8250,4062,11191,4730,8837,9922,9281,10593,1873,1895,5276,6009,9997,8598,7537,10033,11020,2242
9385,1606,2768,2453,9046,4841,365,7928,5799,13442,3980,11549,6091,3941,2802,6206,4988,1179,3983,6381,4198,3107,8165,6713,2681,4793,12017,11372,11678,11899,6372,682,766,5556,1562,1790,1100,2925,835,5367,3004,4584,6399,14314,2323,3908,3141,2173,798,4107,1284,7606,0,2267,9224,6012,7014,9226,21492,5528,3065,2833,683,6270,6648,23696,2888,3627,5055,1730,2113,1488,1428,5871,1371,9509,4182,2660,5590,7450,3917,1163,6303,134,2414,3462,10704,5689,8547,5889,4777,7957,11081,2325,2537,3060,7678,5773,3059,1776,2596,5739,2317,3275,3727,6410
11279,2434,2104,4575,10283,5899,2278,9747,7890,15544,1825,13658,7361,6199,4656,6748,5257,2385,5980,7086,4392,3563,10335,8808,3981,7042,14026,13387,12961,13084,7760,2795,2199,7806,3822,513,1335,1047,1438,6223,766,6434,8033,15892,3846,4924,5398,1234,1677,6330,3403,8937,2267,0,10644,6748,9255,11269,23336,5539,5293,3599,2938,6650,8059,25515,622,5768,6355,1656,181,3179,1385,8080,3531,11666,5023,2357,7119,9704,5643,2981,8564,2134,1117,4507,12555,6899,10814,6213,6031,10053,13329,2118,346,3319,9381,7273,5166,3828,1466,7925,4522,1130,2166,8171
13550,8230,11969,9336,1011,4809,9540,2611,5085,14962,11304,6306,3297,8217,10242,4910,6245,10309,5698,4357,6856,7224,5686,10671,6700,6965,14700,14177,2536,2930,2888,9377,8734,6883,8636,10190,10166,11661,9646,4711,10994,4889,12671,18998,6945,5748,8311,9524,9971,6776,8047,1730,9224,10644,0,4509,6715,12478,23943,14499,8690,7071,9000,5335,2595,26126,11121,6446,4289,10932,10604,7759,9280,9258,9212,11592,5745,11884,12460,7178,5348,8070,7238,9286,9781,6145,14740,3773,8489,5656,12520,4767,8485,11548,10989,12158,2119,3451,6681,7563,11668,9489,8924,11746,12708,3203
13312,4581,8471,7214,3834,1368,6376,5072,5395,16067,7030,9746,1758,7042,8045,579,1759,7192,4315,370,2486,3190,7541,10237,3376,6443,15249,14636,6438,6454,2298,6432,5321,6855,6155,6379,6671,7795,6122,687,6921,3719,11320,18761,3815,2126,6687,5528,6592,5797,5213,2872,6012,6748,4509,0,7606,12593,24915,11538,6980,3259,6092,1041,2517,27147,7111,5032,1813,7503,6757,4592,5520,8855,6604,12180,1833,8504,10786,8196,3324,4920,7587,6020,5728,2559,14643,1470,9692,1206,10382,6744,10942,8165,7073,9062,4352,2513,4812,4872,8016,8953,6805,7757,8910,3854
6895,7309,9350,5321,7355,6504,7105,4113,2211,8559,10806,5000,6035,3423,5968,8172,8316,7485,3807,7822,8202,7598,1642,4253,6276,2225,8041,7492,8955,9501,5671,6641,7120,1468,5538,8753,8087,9919,7823,7109,9949,4020,6786,12293,6034,6589,4116,8745,7745,2932,5870,6272,7014,9255,6715,7606,0,5769,17519,10408,4394,7136,6388,8593,5650,19737,9877,3614,5830,8467,9113,6301,8076,3041,6008,4910,6971,9056,6945,592,4747,6381,921,7143,9051,6571,8040,6162,2086,8553,7563,2203,4077,8817,9544,8744,4650,5171,4224,5506,9442,3349,5110,10289,10564,4078
1364,10385,10222,6773,13073,11285,9074,9882,7608,4320,13090,9362,11315,5772,6623,13100,12741,8902,8282,12885,12313,11377,7079,2539,10121,6154,2803,2157,14710,15266,11077,8572,9769,5850,7798,10894,9937,11429,9999,11973,12033,8903,4064,6524,9699,10972,6412,11395,9607,6811,8722,11884,9226,11269,12478,12593,5769,0,12450,9261,6310,10905,8572,13441,11129,14680,11821,7617,10795,9811,11090,9461,10644,3764,7855,1445,11398,9819,4951,5359,9298,9331,5293,9350,11640,10756,2278,11299,4379,13271,6245,7882,6642,9766,11422,8988,10390,10460,7987,8671,10663,3729,6954,11939,11524,9643
12108,22772,21887,19072,24730,23651,21289,21382,19656,8991,25149,18792,23492,18222,18735,25446,25178,20961,20650,25182,24764,23821,18264,14969,22571,18496,9691,10323,25735,26368,23171,20816,22103,18062,20162,23032,22047,23275,22205,24326,24076,21196,15333,8031,22148,23401,18848,23657,21748,19206,21127,23773,21492,23336,23943,24915,17519,12450,0,19730,18719,23351,20875,25812,23165,2234,23822,20029,23102,21745,23156,21881,22920,16199,20138,12736,23826,21482,16283,16965,21678,21730,17358,21607,23874,23199,10794,23547,15527,25671,17512,19190,15829,21529,23427,20505,22043,22623,20428,21107,22449,16179,19308,23805,23077,21597
8609,7009,3435,5354,14445,10360,5167,12777,10193,13409,6839,15404,11531,7070,4527,11708,10393,4350,8862,11905,9550,8513,11960,7562,8202,8485,11527,10976,17013,17291,11746,5190,6224,9082,5868,5626,4975,4803,5501,10895,5965,9633,5198,11792,7813,9436,6572,6614,4979,8195,6514,12980,5528,5539,14499,11538,10408,9261,19730,0,6210,8316,5560,11734,12000,21782,5648,8201,10510,4160,5418,6989,6249,7797,5288,10279,9705,3219,4334,10589,9168,6656,9496,5518,6608,8990,9555,11161,11039,11330,3130,12114,13952,3521,5378,2478,12714,11095,7852,6973,4089,7495,5716,5246,4010,11439
6674,4076,5001,928,8855,5613,3017,6670,4005,10436,7044,9303,6236,987,1684,7386,6686,3190,3047,7327,6136,5131,5832,3771,3968,2296,9113,8467,11223,11598,6254,2501,3499,2962,1527,4843,3993,5756,3892,6299,6049,3874,4342,11940,3511,5024,382,5173,3639,2014,2413,7406,3065,5293,8690,6980,4394,6310,18719,6210,0,4676,2382,7632,6442,20941,5901,2259,5383,4196,5127,3162,4422,2808,1775,6470,5437,4685,3885,4712,3775,3021,3546,3198,5442,4711,8023,6018,5612,7371,3834,5913,8320,4467,5525,4355,6722,5556,2213,2410,5171,2693,782,6193,6260,5499
11347,1323,5214,4569,6684,2300,3197,6466,5230,14851,4336,10784,3777,5139,5258,3392,2181,3999,3343,3619,1482,482,7771,8384,863,5222,13692,13050,9362,9489,4206,3352,2097,5896,3414,3179,3412,4637,2864,2668,3924,3418,8793,16585,1213,1328,4510,2453,3346,4423,2376,5353,2833,3599,7071,3259,7136,10905,23351,8316,4676,0,3063,3438,4508,25579,4051,3605,2798,4246,3580,1611,2288,7197,3708,10846,1449,5247,8107,7691,2559,1886,6724,2819,2714,934,12697,3308,9067,3059,7480,7259,11087,4907,3939,5838,5988,3790,3061,2266,4779,7184,4223,4682,5726,4881
8768,2007,3160,1807,8895,4841,720,7543,5286,12773,4663,11003,5971,3262,2273,6344,5244,1328,3559,6462,4508,3412,7590,6052,2716,4164,11368,10723,11491,11746,6199,376,1238,4924,884,2470,1700,3530,1515,5423,3682,4233,5877,13772,2287,3966,2462,2825,1357,3510,958,7436,683,2938,9000,6092,6388,8572,20875,5560,2382,3063,0,6456,6461,23083,3555,3107,4951,2163,2779,1507,2073,5189,741,8833,4290,2976,5115,6809,3653,1191,5655,816,3079,3537,10096,5603,7880,6101,4419,7429,10444,2664,3195,3160,7350,5564,2581,1438,3104,5060,1640,3912,4242,6070
14104,4726,8523,7761,4552,2162,6634,6099,6385,17006,6659,10771,2798,7796,8545,473,1393,7435,5166,1011,2258,3224,8574,11038,3794,7317,16131,15511,7031,6961,3332,6768,5531,7776,6650,6342,6780,7684,6241,1495,6708,4644,11941,19514,4262,2614,7368,5416,6755,6630,5652,3792,6270,6650,5335,1041,8593,13441,25812,11734,7632,3438,6456,0,3540,28046,6933,5832,2764,7612,6687,4955,5549,9684,7042,13089,2218,8605,11348,9184,4144,5266,8530,6255,5568,2976,15444,2502,10678,444,10841,7784,11979,8273,6954,9259,5369,3547,5537,5380,8009,9760,7368,7576,8810,4894
12037,5638,9382,6979,2455,2318,6972,2560,3538,14208,8797,7231,829,6148,7884,3067,4032,7754,3396,2557,4487,4700,5250,9008,4105,5120,13618,13039,5033,5291,303,6837,6142,5285,6170,7599,7574,9071,7053,2425,8430,2571,10646,17540,4355,3200,6079,6957,7386,4713,5504,984,6648,8059,2595,2517,5650,11129,23165,12000,6442,4508,6461,3540,0,25385,8547,4192,1711,8347,8015,5175,6689,7571,6732,10488,3258,9307,10310,6216,2838,5490,5869,6706,7222,3575,13313,1296,7691,3714,10215,4386,8580,8970,8404,9620,1836,910,4297,5031,9073,7746,6557,9167,10114,1582
14315,24989,24030,21282,26924,25884,23487,23576,21880,11194,27324,20873,25719,20452,20929,27679,27411,23145,22883,27413,26994,26048,20454,17195,24801,20730,11925,12556,27880,28518,25394,23018,24313,20293,22378,25219,24233,25431,24401,26559,26251,23428,17497,10008,24377,25634,21074,25858,23938,21439,23348,25984,23696,25515,26126,27147,19737,14680,2234,21782,20941,25579,23083,28046,25385,0,25993,22263,25334,23914,25335,24103,25122,18431,22345,14967,26059,23627,18439,19180,23911,23949,19587,23810,26071,25432,12992,25777,17735,27904,19651,21382,17944,23683,25599,22642,24243,24849,22660,23332,24602,18409,21524,25962,25204,23815
11793,2968,2259,5164,10723,6342,2885,10304,8495,16108,1340,14261,7828,6814,5198,7068,5545,2919,6576,7437,4691,3958,10949,9377,4505,7664,14565,13928,13400,13501,8246,3400,2806,8428,4439,1127,1919,864,2060,6620,317,7008,8498,16314,4404,5378,6013,1604,2269,6951,4022,9404,2888,622,11121,7111,9877,11821,23822,5648,5901,4051,3555,6933,8547,25993,0,6382,6837,2080,776,3770,1943,8680,4133,12248,5441,2585,7568,10327,6204,3585,9186,2755,1383,4976,13056,7359,11434,6491,6432,10656,13951,2411,399,3595,9918,7784,5778,4440,1588,8518,5127,647,1936,8722
8283,3698,6260,2906,6597,3689,3808,4579,2180,11350,7226,7923,4047,2034,3806,5510,5160,4389,801,5350,4844,4082,4568,5211,2744,1624,10338,9710,8982,9345,4016,3439,3581,2296,2430,5256,4727,6542,4371,4385,6421,1621,6483,13731,2445,3376,1890,5152,4413,839,2373,5150,3627,5768,6446,5032,3614,7617,20029,8201,2259,3605,3107,5832,4192,22263,6382,0,3295,5269,5643,2699,4512,3855,3012,7366,3799,6048,6117,4138,1708,2813,3123,3742,5460,3216,9618,3888,5472,5654,6076,4332,7667,5753,6080,6039,4533,3319,615,1944,6200,3930,2506,6853,7337,3277
11544,3945,7746,5752,3999,768,5395,3876,3626,14258,7101,8453,1037,5327,6630,2358,2689,6198,2541,2091,2938,3007,5909,8469,2431,4641,13438,12827,6657,6849,1409,5321,4494,5042,4802,5902,5926,7373,5394,1280,6720,1906,9713,17014,2733,1501,5059,5247,5760,4022,4001,2593,5055,6355,4289,1813,5830,10795,23102,10510,5383,2798,4951,2764,1711,25334,6837,3295,0,6719,6316,3567,4992,7071,5323,10367,1624,7696,9254,6422,1614,3893,5778,5100,5512,1865,12868,660,7914,2735,8988,5185,9330,7356,6700,8083,3292,1072,3171,3568,7406,7183,5330,7459,8428,2390
9732,2923,1040,3346,10718,6431,1471,9652,7449,14118,3415,13158,7756,5170,3203,7620,6252,1007,5690,7864,5401,4390,9730,7419,4299,6251,12531,11898,13367,13567,8065,1848,2230,7000,2942,1544,835,1627,1381,6894,2347,6312,6419,14247,3995,5465,4394,2500,962,5645,2998,9293,1730,1656,10932,7503,8467,9811,21745,4160,4196,4246,2163,7612,8347,23914,2080,5269,6719,0,1486,3173,2090,6858,2464,10321,5679,1001,5490,8850,5644,2864,7683,1653,2552,5017,10985,7336,9809,7199,4377,9591,12482,663,1687,1755,9408,7483,4733,3496,978,6663,3420,2128,2099,8140
11098,2379,1988,4401,10259,5878,2110,9666,7774,15366,2005,13543,7328,6038,4476,6773,5295,2204,5873,7099,4429,3567,10209,8631,3924,6897,13846,13207,12936,13068,7718,2627,2088,7661,3663,420,1158,1059,1291,6220,944,6344,7854,15715,3771,4900,5237,1279,1503,6192,3273,8902,2113,181,10604,6757,9113,11090,23156,5418,5127,3580,2779,6687,8015,25335,776,5643,6316,1486,0,3081,1327,7910,3361,11491,5013,2221,6942,9559,5563,2870,8415,1981,1202,4477,12375,6870,10658,6252,5858,9938,13186,1970,437,3168,9312,7219,5044,3707,1370,7753,4354,1222,2154,8094
9825,1021,4210,2966,7560,3371,1834,6604,4740,13517,4530,10499,4603,3767,3648,4837,3775,2645,2808,4962,3090,2021,7232,6924,1220,4176,12262,11617,10199,10413,4894,1840,1014,4918,1809,2669,2418,4078,1926,3929,3770,3268,7186,15004,835,2468,3055,2454,2211,3394,775,6125,1488,3179,7759,4592,6301,9461,21881,6989,3162,1611,1507,4955,5175,24103,3770,2699,3567,3173,3081,0,1843,5833,2104,9519,2783,4136,6495,6805,2517,333,5729,1534,2762,2034,11171,4201,8066,4608,5895,6895,10364,3797,3513,4534,6293,4311,2084,840,3940,5780,2638,4302,5030,5047
10812,1053,2975,3874,8949,4574,1654,8367,6583,14842,2733,12341,6009,5233,4212,5586,4176,2222,4650,5872,3318,2345,9066,8124,2598,5897,13439,12794,11624,11768,6393,2104,967,6655,2895,910,1284,2381,823,4952,1927,5065,7788,15706,2465,3594,4446,753,1387,5145,2220,7581,1428,1385,9280,5520,8076,10644,22920,6249,4422,2288,2073,5549,6689,25122,1943,4512,4992,2090,1327,1843,0,7227,2793,10890,3736,3066,6949,8556,4264,1700,7444,1312,1023,3163,12130,5554,9748,5128,6041,8738,12151,2741,1730,3814,7996,5893,3899,2575,2496,7114,3707,2514,3446,6788
4487,6808,7528,3528,9710,7533,5804,6784,4184,7684,9847,7885,7663,2069,3781,9352,8981,5862,4540,9157,8576,7674,4677,1438,6390,2466,6513,5877,11666,12158,7481,5286,6291,2375,4333,7641,6762,8466,6695,8224,8841,5205,3746,9984,5984,7209,2801,7975,6410,3059,5138,8407,5871,8080,9258,8855,3041,3764,16199,7797,2808,7197,5189,9684,7571,18431,8680,3855,7071,6858,7910,5833,7227,0,4549,3688,7634,7164,3965,2995,5544,5749,2189,6004,8248,7001,5799,7604,3244,9508,4759,5189,6155,7009,8296,6586,7140,6830,4229,5012,7809,321,3561,8929,8835,6192
8030,2731,3356,1082,9184,5305,1256,7570,5147,12077,5307,10765,6315,2723,1559,6897,5879,1477,3600,6972,5176,4087,7313,5345,3254,3800,10647,10002,11730,12021,6487,737,1979,4541,589,3097,2220,3989,2163,5924,4292,4351,5151,13037,2796,4488,1936,3542,1866,3242,1395,7715,1371,3531,9212,6604,6008,7855,20138,5288,1775,3708,741,7042,6732,22345,4133,3012,5323,2464,3361,2104,2793,4549,0,8157,4842,3092,4412,6386,3894,1824,5220,1496,3785,4081,9357,5983,7369,6705,3800,7240,10019,2827,3753,3031,7451,5823,2587,1760,3442,4399,995,4419,4557,6171
2800,10496,10851,7093,12262,10929,9409,8981,6954,4005,13463,8021,10771,5752,7125,12715,12524,9359,7940,12446,12187,11327,6018,2918,10020,5788,3135,2586,13715,14295,10473,8893,9967,5326,7996,11251,10333,11947,10320,11598,12432,8462,5157,7586,9634,10738,6487,11642,9989,6530,8825,11167,9509,11666,11592,12180,4910,1445,12736,10279,6470,10846,8833,13089,10488,14967,12248,7366,10367,10321,11491,9519,10890,3688,8157,0,11159,10459,5948,4415,8970,9437,4634,9640,11907,10576,3486,10813,3205,12963,7179,6880,5225,10363,11856,9713,9554,9903,7821,8694,11227,3777,7193,12437,12168,8945
11987,2761,6659,5543,5286,942,4545,5493,4854,15131,5560,10027,2464,5672,6331,2056,1370,5361,3252,2201,1340,1490,7302,8942,1588,5378,14134,13504,7960,8064,2958,4620,3488,5938,4436,4619,4849,6066,4301,1219,5286,2968,9730,17356,2050,426,5190,3837,4761,4631,3448,4015,4182,5023,5745,1833,6971,11398,23826,9705,5437,1449,4290,2218,3258,26059,5441,3799,1624,5679,5013,2783,3736,7634,4842,11159,0,6680,9131,7556,2240,3106,6741,4187,4072,762,13334,1982,9013,1934,8640,6655,10708,6339,5358,7229,4915,2695,3417,3163,6228,7681,5152,6081,7165,3973
9600,3924,409,3773,11694,7425,2353,10518,8215,14138,3894,13857,8733,5671,3389,8619,7240,1660,6535,8865,6384,5385,10402,7541,5285,6873,12466,11846,14335,14545,9029,2619,3220,7599,3641,2407,1835,1848,2382,7894,2894,7197,6171,13840,4966,6462,4941,3396,1940,6334,3881,10261,2660,2357,11884,8504,9056,9819,21482,3219,4685,5247,2976,8605,9307,23627,2585,6048,7696,1001,2221,4136,3066,7164,3092,10459,6680,0,5207,9396,6568,3818,8228,2602,3395,6014,10798,8319,10245,8189,3978,10327,13003,342,2253,1021,10309,8433,5550,4380,1015,6935,3946,2373,1710,9034
4466,7120,5615,3587,12697,9429,5305,10238,7503,9185,8905,11849,10121,4245,2853,11150,10259,4803,6916,11143,9582,8497,8585,3338,7567,5582,7385,6794,14976,15387,10131,4923,6318,5920,4713,6874,5893,6992,6157,10100,7835,7739,972,8784,7095,8741,4235,7633,5637,5685,5741,11263,5590,7119,12460,10786,6945,4951,16283,4334,3885,8107,5115,11348,10310,18439,7568,6117,9254,5490,6942,6495,6949,3965,4412,5948,9131,5207,0,6956,7654,6232,6041,5679,7801,8374,5605,9895,7060,11043,1315,8986,9970,5246,7177,4257,10416,9432,6092,5969,6167,3644,3985,7523,6846,9258
6538,7819,9704,5633,7853,7095,7521,4567,2802,7994,11289,4898,6617,3727,6219,8763,8903,7857,4374,8411,8779,8156,1787,4065,6829,2665,7535,7001,9353,9916,6245,7044,7595,1902,5944,9207,8509,10334,8268,7701,10411,4608,6715,11877,6573,7171,4465,9238,8162,3416,6341,6812,7450,9704,7178,8196,592,5359,16965,10589,4712,7691,6809,9184,6216,19180,10327,4138,6422,8850,9559,6805,8556,2995,6386,4415,7556,9396,6956,0,5327,6870,1169,7580,9542,7144,7636,6750,1496,9145,7666,2526,3636,9170,9986,9030,5144,5755,4741,5997,9828,3314,5456,10719,10940,4638
9989,3245,6683,4195,5291,1989,4215,4104,2703,12922,6760,8240,2485,3727,5090,3808,3605,4967,1031,3644,3458,2971,5228,6915,1787,3184,11991,11369,7848,8127,2597,4029,3529,3705,3334,5144,4925,6582,4443,2681,6158,860,8100,15438,1800,1845,3446,4723,4692,2487,2703,3821,3917,5643,5348,3324,4747,9298,21678,9168,3775,2559,3653,4144,2838,23911,6204,1708,1614,5644,5563,2517,4264,5544,3894,8970,2240,6568,7654,5327,0,2795,4502,3992,5024,1845,11322,2243,6776,3994,7441,4700,8583,6237,5985,6810,3777,1929,1562,2215,6452,5632,3771,6773,7547,2534
9654,1060,3903,2742,7883,3704,1503,6861,4910,13427,4425,10677,4928,3696,3380,5158,4063,2313,3004,5290,3351,2265,7374,6792,1551,4219,12134,11489,10518,10737,5211,1514,783,4972,1593,2468,2131,3839,1663,4259,3610,3516,6945,14790,1164,2797,2952,2370,1905,3454,613,6444,1163,2981,8070,4920,6381,9331,21730,6656,3021,1886,1191,5266,5490,23949,3585,2813,3893,2864,2870,333,1700,5749,1824,9437,3106,3818,6232,6870,2795,0,5771,1216,2673,2361,10997,4530,8094,4912,5598,7072,10455,3480,3306,4202,6571,4619,2202,876,3658,5679,2441,4091,4761,5316
6314,6749,8536,4469,7789,6388,6364,4688,2331,8480,10175,5919,6137,2563,5078,8136,8107,6689,3494,7838,7900,7198,2548,3497,5861,1554,7754,7170,9575,10093,5843,5882,6478,828,4785,8070,7354,9175,7126,7035,9278,3887,5918,11782,5566,6337,3296,8140,7005,2341,5224,6595,6303,8564,7238,7587,921,5293,17358,9496,3546,6724,5655,8530,5869,19587,9186,3123,5778,7683,8415,5729,7444,2189,5220,4634,6741,8228,6041,1169,4502,5771,0,6434,8441,6258,7527,6193,2350,8443,6642,3001,4800,8001,8840,7875,5128,5269,3703,4906,8661,2484,4288,9567,9772,4355
9500,1564,2692,2578,9094,4866,396,8019,5911,13570,3847,11665,6136,4075,2906,6202,4961,1180,4085,6388,4161,3075,8286,6840,2709,4922,12140,11496,11733,11947,6427,792,728,5686,1696,1656,986,2804,701,5380,2870,4673,6496,14413,2367,3924,3275,2053,703,4233,1388,7659,134,2134,9286,6020,7143,9350,21607,5518,3198,2819,816,6255,6706,23810,2755,3742,5100,1653,1981,1534,1312,6004,1496,9640,4187,2602,5679,7580,3992,1216,6434,0,2290,3477,10818,5729,8680,5869,4844,8072,11211,2264,2406,3043,7760,5835,3170,1874,2495,5871,2448,3147,3622,6495
11772,1805,3185,4867,9357,4984,2587,9089,7475,15852,1771,13206,6484,6255,5142,5690,4177,3001,5527,6054,3317,2584,9986,9127,3263,6890,14429,13785,12032,12125,6920,3073,1982,7645,3915,1008,1924,2121,1670,5241,1215,5859,8671,16581,3246,4032,5469,309,2163,6127,3224,8057,2414,1117,9781,5728,9051,11640,23874,6608,5442,2714,3079,5568,7222,26071,1383,5460,5512,2552,1202,2762,1023,8248,3785,11907,4072,3395,7801,9542,5024,2673,8441,2290,0,3647,13080,6010,10755,5128,6810,9613,13121,3119,1392,4297,8661,6489,4845,3546,2571,8132,4718,2029,3246,7500
11305,2137,6018,4788,5785,1420,3824,5569,4545,14565,5259,9963,2855,5001,5570,2816,1992,4641,2775,2929,1642,1208,7059,8276,827,4829,13512,12878,8461,8607,3274,3874,2798,5439,3675,4068,4196,5535,3651,1905,4855,2672,8984,16645,1288,448,4479,3382,4080,4055,2686,4431,3462,4507,6145,2559,6571,10756,23199,8990,4711,934,3537,2976,3575,25432,4976,3216,1865,5017,4477,2034,3163,7001,4081,10576,762,6014,8374,7144,1845,2361,6258,3477,3647,0,12654,2393,8571,2674,7878,6487,10427,5672,4850,6520,5069,2862,2772,2405,5625,7030,4399,5602,6610,3994
1351,12023,11207,8300,15315,13308,10495,12150,9819,4136,14374,11505,13452,7662,7941,15129,14646,10175,10331,14951,14148,13155,9354,4408,11962,8256,2147,1818,16986,17540,13245,10026,11329,8030,9413,12241,11257,12546,11411,14003,13301,11003,4634,4258,11517,12910,8197,12865,10956,8849,10405,14097,10704,12555,14740,14643,8040,2278,10794,9555,8023,12697,10096,15444,13313,12992,13056,9618,12868,10985,12375,11171,12130,5799,9357,3486,13334,10798,5605,7636,11322,10997,7527,10818,13080,12654,0,13403,6621,15243,6896,10160,8654,10813,12658,9861,12644,12609,9921,10432,11734,5690,8559,13074,12450,11857
12088,4518,8357,6407,3398,1040,6033,3732,3952,14662,7540,8387,482,5922,7288,2049,2765,6839,3111,1661,3191,3452,6073,9017,3038,5152,13907,13303,6070,6236,1006,5971,5106,5493,5462,6461,6534,7929,5996,1173,7224,2401,10339,17571,3367,1980,5687,5758,6380,4578,4656,2047,5689,6899,3773,1470,6162,11299,23547,11161,6018,3308,5603,2502,1296,25777,7359,3888,660,7336,6870,4201,5554,7604,5983,10813,1982,8319,9895,6750,2243,4530,6193,5729,6010,2393,13403,0,8246,2578,9645,5287,9478,7978,7242,8727,3066,1045,3805,4227,7997,7731,5984,7989,8999,2403
5679,9087,10584,6487,9223,8580,8571,5890,4297,6541,12471,5097,8110,4646,6922,10258,10369,8802,5796,9907,10212,9540,2836,3816,8204,3893,6235,5748,10534,11124,7729,8070,8780,3176,6997,10332,9562,11358,9379,9192,11545,6084,6620,10786,7916,8621,5439,10457,9209,4688,7531,8250,8547,10814,8489,9692,2086,4379,15527,11039,5612,9067,7880,10678,7691,17735,11434,5472,7914,9809,10658,8066,9748,3244,7369,3205,9013,10245,7060,1496,6776,8094,2350,8680,10755,8571,6621,8246,0,10632,7977,3729,2922,10053,11075,9757,6523,7249,6052,7237,10783,3544,6391,11776,11863,6110
13898,4328,8100,7459,4910,2056,6252,6261,6356,16903,6218,10933,2930,7583,8224,750,958,7048,5025,1299,1824,2817,8619,10842,3476,7179,15982,15358,7427,7374,3482,6405,5143,7671,6334,5911,6368,7245,5833,1460,6265,4561,11658,19284,3947,2349,7121,4979,6353,6468,5322,4062,5889,6213,5656,1206,8553,13271,25671,11330,7371,3059,6101,444,3714,27904,6491,5654,2735,7199,6252,4608,5128,9508,6705,12963,1934,8189,11043,9145,3994,4912,8443,5869,5128,2674,15243,2578,10632,0,10502,7856,12035,7858,6515,8858,5550,3613,5322,5076,7580,9571,7073,7133,8371,4980
5779,6370,4380,3246,12653,9058,4452,10470,7758,10497,7772,12549,9924,4466,2358,10692,9660,3828,6846,10748,8924,7826,9175,4432,7053,5891,8700,8109,15055,15421,10006,4157,5537,6367,4229,5842,4886,5800,5224,9698,6715,7671,2278,9884,6591,8279,4214,6675,4674,5813,5192,11191,4777,6031,12520,10382,7563,6245,17512,3130,3834,7480,4419,10841,10215,19651,6432,6076,8988,4377,5858,5895,6041,4759,3800,7179,8640,3978,1315,7666,7441,5598,6642,4844,6810,7878,6896,9645,7977,10502,0,9461,10898,4054,6051,2994,10552,9313,5920,5511,4965,4446,3670,6331,5574,9332
9060,7808,10564,6807,5543,5946,8137,2195,2165,10203,11378,3605,5005,5055,7589,7322,7868,8680,4090,6870,7987,7660,929,6452,6469,3630,9959,9455,6841,7415,4514,7748,7854,3096,6688,9539,9057,10866,8686,6408,10665,3840,8914,14395,6381,6355,5565,9305,8745,4008,6693,4730,7957,10053,4767,6744,2203,7882,19190,12114,5913,7259,7429,7784,4386,21382,10656,4332,5185,9591,9938,6895,8738,5189,7240,6880,6655,10327,8986,2526,4700,7072,3001,8072,9613,6487,10160,5287,3729,7856,9461,0,4204,10046,10375,10195,2894,4244,4906,6235,10530,5484,6501,11157,11667,2891
8006,11364,13321,9230,9405,10076,11157,6203,5881,7115,14880,3059,9208,7334,9749,11520,11983,11486,7750,11073,12010,11531,3421,6682,10242,6288,7607,7312,9968,10616,8717,10680,11197,5525,9581,12828,12144,13970,11894,10580,14026,7764,9486,12490,10045,10368,8091,12814,11798,7009,9947,8837,11081,13329,8485,10942,4077,6642,15829,13952,8320,11087,10444,11979,8580,17944,13951,7667,9330,12482,13186,10364,12151,6155,10019,5225,10708,13003,9970,3636,8583,10455,4800,11211,13121,10427,8654,9478,2922,12035,10898,4204,0,12787,13615,12583,6964,8434,8281,9579,13460,6460,9078,14353,14568,7092
9594,3585,534,3568,11354,7084,2025,10202,7925,14085,3742,13588,8393,5453,3255,8282,6911,1367,6222,8526,6057,5051,10139,7446,4943,6621,12440,11815,13996,14205,8691,2315,2879,7355,3360,2119,1497,1749,2044,7554,2711,6876,6200,13936,4626,6120,4707,3101,1598,6063,3557,9922,2325,2118,11548,8165,8817,9766,21529,3521,4467,4907,2664,8273,8970,23683,2411,5753,7356,663,1970,3797,2741,7009,2827,10363,6339,342,5246,9170,6237,3480,8001,2264,3119,5672,10813,7978,10053,7858,4054,10046,12787,0,2054,1201,9985,8097,5244,4057,921,6791,3714,2280,1826,8711
11394,2780,1955,4776,10624,6239,2511,10089,8211,15711,1728,13980,7705,6446,4800,7063,5561,2521,6308,7408,4698,3893,10646,8982,4326,7327,14166,13529,13301,13421,8105,3024,2523,8090,4078,844,1534,730,1723,6555,663,6772,8105,15930,4189,5266,5646,1547,1887,6625,3710,9281,2537,346,10989,7073,9544,11422,23427,5378,5525,3939,3195,6954,8404,25599,399,6080,6700,1687,437,3513,1730,8296,3753,11856,5358,2253,7177,9986,5985,3306,8840,2406,1392,4850,12658,7242,11075,6515,6051,10375,13615,2054,0,3249,9726,7619,5481,4144,1290,8131,4748,790,1856,8513
8692,4533,1404,3429,12049,7900,2703,10599,8148,13300,4912,13650,9112,5320,2837,9230,7925,1889,6622,9430,7089,6042,10179,6806,5740,6632,11583,10971,14651,14902,9356,2784,3746,7318,3618,3290,2531,2869,3039,8424,3901,7350,5227,12830,5365,6966,4665,4256,2506,6191,4117,10593,3060,3319,12158,9062,8744,8988,20505,2478,4355,5838,3160,9259,9620,22642,3595,6039,8083,1755,3168,4534,3814,6586,3031,9713,7229,1021,4257,9030,6810,4202,7875,3043,4297,6520,9861,8727,9757,8858,2994,10195,12583,1201,3249,0,10463,8724,5611,4596,2036,6331,3697,3392,2589,9182
11442,6952,10445,7437,2709,4013,7960,770,2975,13052,10324,5405,2639,6172,8333,4896,5832,8678,3854,4375,6212,6262,3818,8552,5415,4874,12679,12139,4571,5027,2081,7721,7304,4765,6863,8892,8702,10345,8219,4232,9841,3118,10588,16902,5544,4766,6340,8375,8461,4752,6428,1873,7678,9381,2119,4352,4650,10390,22043,12714,6722,5988,7350,5369,1836,24243,9918,4533,3292,9408,9312,6293,7996,7140,7451,9554,4915,10309,10416,5144,3777,6571,5128,7760,8661,5069,12644,3066,6523,5550,10552,2894,6964,9985,9726,10463,0,2226,4866,5929,10229,7373,7039,10509,11323,1282
11314,4840,8520,6074,3365,1820,6090,2806,2976,13706,8121,7410,869,5307,6977,3092,3711,6864,2518,2679,4009,4042,5028,8261,3295,4365,13016,12422,5927,6198,698,5940,5295,4616,5260,6801,6723,8269,6210,2176,7686,1706,9794,16813,3504,2542,5198,6213,6522,3891,4607,1895,5773,7273,3451,2513,5171,10460,22623,11095,5556,3790,5564,3547,910,24849,7784,3319,1072,7483,7219,4311,5893,6830,5823,9903,2695,8433,9432,5755,1929,4619,5269,5835,6489,2862,12609,1045,7249,3613,9313,4244,8434,8097,7619,8724,2226,0,3394,4130,8234,6985,5652,8392,9292,1371
8576,3086,5741,2682,6742,3446,3264,4991,2743,11819,6611,8506,4033,2261,3588,5252,4753,3891,1013,5150,4366,3542,5173,5525,2212,2171,10740,10106,9212,9540,4087,2931,2974,2878,1998,4653,4156,5960,3781,4141,5812,1792,6543,13977,1872,2992,1889,4537,3852,1370,1787,5276,3059,5166,6681,4812,4224,7987,20428,7852,2213,3061,2581,5537,4297,22660,5778,615,3171,4733,5044,2084,3899,4229,2587,7821,3417,5550,6092,4741,1562,2202,3703,3170,4845,2772,9921,3805,6052,5322,5920,4906,8281,5244,5481,5611,4866,3394,0,1338,5647,4265,2262,6258,6782,3588
9083,1857,4526,2383,7472,3553,2033,6156,4071,12695,5301,9838,4571,2943,3177,5197,4324,2758,2211,5238,3732,2723,6510,6140,1605,3353,11467,10823,10056,10320,4773,1814,1637,4102,1283,3315,2855,4636,2452,4188,4477,2820,6592,14329,1134,2781,2260,3242,2573,2581,499,6009,1776,3828,7563,4872,5506,8671,21107,6973,2410,2266,1438,5380,5031,23332,4440,1944,3568,3496,3707,840,2575,5012,1760,8694,3163,4380,5969,5997,2215,876,4906,1874,3546,2405,10432,4227,7237,5076,5511,6235,9579,4057,4144,4596,5929,4130,1338,0,4369,4970,2001,4923,5496,4654
10512,3488,671,4311,11394,7044,2393,10509,8379,14980,2881,14107,8437,6147,4103,8070,6622,1981,6579,8367,5756,4835,10690,8315,4975,7224,13350,12723,14061,14229,8784,2810,2940,7974,3910,1670,1528,837,2023,7446,1903,7161,7121,14841,4730,6065,5372,2636,1798,6606,3880,9997,2596,1466,11668,8016,9442,10663,22449,4089,5171,4779,3104,8009,9073,24602,1588,6200,7406,978,1370,3940,2496,7809,3442,11227,6228,1015,6167,9828,6452,3658,8661,2495,2571,5625,11734,7997,10783,7580,4965,10530,13460,921,1290,2036,10229,8234,5647,4369,0,7606,4396,1367,1138,8973
4362,6738,7305,3355,9919,7618,5655,7038,4407,7750,9706,8205,7807,2045,3547,9439,9017,5674,4643,9262,8585,7659,4988,1286,6393,2626,6508,5867,11913,12397,7646,5136,6191,2611,4220,7496,6599,8278,6556,8313,8688,5337,3438,9841,5975,7256,2728,7865,6250,3161,5066,8598,5739,7925,9489,8953,3349,3729,16179,7495,2693,7184,5060,9760,7746,18409,8518,3930,7183,6663,7753,5780,7114,321,4399,3777,7681,6935,3644,3314,5632,5679,2484,5871,8132,7030,5690,7731,3544,9571,4446,5484,6460,6791,8131,6331,7373,6985,4265,4970,7606,0,3423,8749,8617,6397
7218,3466,4248,424,9004,5453,2245,7065,4492,11135,6287,9960,6255,1751,1326,7165,6323,2415,3226,7164,5704,4654,6491,4423,3606,2945,9754,9108,11459,11798,6342,1727,2816,3656,855,4080,3215,4974,3135,6118,5281,4040,4591,12367,3135,4758,995,4459,2861,2507,1863,7537,2317,4522,8924,6805,5110,6954,19308,5716,782,4223,1640,7368,6557,21524,5127,2506,5330,3420,4354,2638,3707,3561,995,7193,5152,3946,3985,5456,3771,2441,4288,2448,4718,4399,8559,5984,6391,7073,3670,6501,9078,3714,4748,3697,7039,5652,2262,2001,4396,3423,0,5411,5493,5780
11837,3559,1994,5401,11360,6977,3208,10877,8992,16246,1593,14761,8456,7135,5329,7714,6189,3080,7095,8084,5336,4600,11416,9541,5104,8067,14653,14021,14037,14143,8867,3707,3309,8829,4787,1634,2216,532,2483,7263,883,7562,8473,16207,4976,6010,6338,2243,2568,7379,4480,10033,3275,1130,11746,7757,10289,11939,23805,5246,6193,4682,3912,7576,9167,25962,647,6853,7459,2128,1222,4302,2514,8929,4419,12437,6081,2373,7523,10719,6773,4091,9567,3147,2029,5602,13074,7989,11776,7133,6331,11157,14353,2280,790,3392,10509,8392,6258,4923,1367,8749,5411,0,1361,9301
11275,4484,1318,5378,12395,8019,3530,11621,9516,15843,2896,15245,9450,7242,5078,8914,7417,3083,7707,9250,6554,5721,11826,9249,6009,8350,14155,13539,15069,15213,9820,3944,4019,9097,5040,2547,2643,1126,3104,8374,2221,8274,7816,15343,5797,7040,6478,3398,2930,7740,5010,11020,3727,2166,12708,8910,10564,11524,23077,4010,6260,5726,4242,8810,10114,25204,1936,7337,8428,2099,2154,5030,3446,8835,4557,12168,7165,1710,6846,10940,7547,4761,9772,3622,3246,6610,12450,8999,11863,8371,5574,11667,14568,1826,1856,2589,11323,9292,6782,5496,1138,8617,5493,1361,0,10075
10607,5755,9175,6183,3524,3157,6686,1590,2039,12633,9200,6064,2117,5017,7083,4431,5069,7399,2577,3982,5309,5202,3711,7627,4238,3809,12079,11509,5729,6129,1651,6440,6061,3843,5583,7675,7445,9116,6972,3548,8662,1838,9488,16102,4324,3751,5118,7208,7198,3573,5153,2242,6410,8171,3203,3854,4078,9643,21597,11439,5499,4881,6070,4894,1582,23815,8722,3277,2390,8140,8094,5047,6788,6192,6171,8945,3973,9034,9258,4638,2534,5316,4355,6495,7500,3994,11857,2403,6110,4980,9332,2891,7092,8711,8513,9182,1282,1371,3588,4654,8973,6397,5780,9301,10075,0
