0,82206,63286,99354,2271,118674,155406,167746,88145,96926,130279,160198,153753,173617,112810,68857,131175,153995,153488,74986,142893,114996,105958,74017,65681,138113,205370,164541,58126,121044,161330,115715,157503,11627,647,161789,129491,139483,166801,168817,135245,156477,111453,84136,7264,75508,149819,134944,128675,153942,96126,13937,128626,129228,160435,140368,193576,127760,84512,157600,113651,153138,72556,106508,157383,93311,98019,172792,211125,194750,149383,159305,153258,120650,191496,153141,92242,157503,94529,131234,79320,5017,60789,93752,111459,200090,152608,156041,130173,55611,130173,118951,152370,72589,117994,153041,136135,1309,150456,130136,924,129870,124201,126171,146593,157752,69138,157175,72584
82206,0,56387,94814,84471,70940,178581,191896,158383,140173,167947,182852,171220,207148,131258,16578,147983,176983,175534,54669,157125,142677,125184,105537,43561,201002,257464,187433,24304,77754,205397,57348,178536,71142,82311,185532,195644,198601,203200,187884,193487,178245,63060,56951,78230,6865,180434,145781,172232,176949,16382,68359,148507,155797,181120,125999,256651,154896,5102,179470,65782,175143,54997,137118,180359,155779,94789,189427,252875,228569,177075,216527,175602,118957,253503,176011,154889,178536,91239,145652,4086,78685,52034,14934,63691,253543,174693,178983,166774,92711,166774,110731,173229,11543,65796,174348,169222,81629,174307,152785,81507,155955,101768,155898,169474,179086,16015,178267,107745
63286,56387,0,44489,64833,56485,123488,136834,111649,84652,111570,127922,117156,151032,75907,40873,93473,121896,120593,12187,103507,86461,69516,49790,13003,148571,201620,132532,42287,58040,149113,57347,123844,53148,63799,130449,144766,144945,146888,133785,139692,123405,50045,21243,56185,51163,124374,92740,116134,121858,72307,52873,93390,99856,126547,83423,203267,98883,61341,124632,51886,120203,9619,80738,125330,105012,43821,135946,196495,172548,121289,162015,120607,69223,199810,120928,104258,123844,39918,91632,52327,58270,5013,71217,49880,197909,119730,123938,110388,40244,110388,63693,118473,45623,57013,119525,112914,63673,119029,97301,63193,100069,63408,99682,114275,124345,41485,123559,52468
99354,94814,44489,0,100273,52938,85454,98533,114030,68063,83646,89394,76939,116620,40691,81802,54562,83870,82200,40666,62666,55797,36674,42211,53988,136284,175823,93878,85842,48226,121315,65681,84805,91585,99967,92285,136294,129585,114368,93510,124250,84719,52646,38202,92156,91129,90237,51130,91968,83844,108901,92325,56196,65962,87221,41032,186128,65506,99909,85925,52214,81814,41020,54024,87093,100649,1716,94738,164402,137229,85748,143047,82354,24857,181939,82907,100292,84805,4877,51679,91091,94595,49407,108505,51884,173285,81408,85766,81866,50788,81866,19845,79655,85821,58304,80851,81565,100120,81620,61277,99561,65832,28794,67954,76721,85413,82380,84561,46509
2271,84471,64833,100273,0,120410,155153,167420,86383,96275,129646,159945,153684,172975,112927,71080,131229,153753,153277,76610,142969,114791,106102,74074,67521,136530,204058,164265,60380,122686,160370,117643,157310,13769,2313,161496,127800,138039,166083,168646,133844,156265,113238,85768,8648,77768,149346,135162,127839,153699,98397,16176,128597,128979,160242,141260,191909,127499,86783,157380,115416,152930,74162,106259,157129,91879,98916,172683,210142,194050,149007,157889,153039,121317,189868,152906,90807,157310,95465,131363,81576,6734,62448,96023,113234,198740,152399,155793,129577,55787,129577,119807,152201,74831,119812,152855,135634,3155,150200,130010,3068,129633,125379,125832,146384,157548,71364,156981,72516
118674,70940,56485,52938,120410,0,133344,145597,160630,120050,136264,136613,122837,166266,92708,66688,103489,131842,129900,44309,108745,108405,89412,89570,53358,188311,228144,140762,76891,7861,173560,17167,131697,107768,119131,139746,187389,182105,165092,138380,176750,131997,8210,35284,111821,71182,140723,97160,144883,131828,78888,106824,106329,117357,133661,63669,238999,117119,75097,133122,5495,129538,46868,106962,134712,149848,54192,138037,214590,185809,135563,195953,130183,67895,234844,130928,149331,131697,53122,99826,68819,113712,58093,79712,7821,225836,129218,133511,134407,89694,134407,57249,127056,67877,6900,128337,133431,118892,130241,111840,118461,117086,39886,120033,125452,132393,67002,131511,93663
155406,178581,123488,85454,155153,133344,0,13346,111352,62621,35060,4793,12666,33811,47584,164073,30899,1599,3481,123975,24896,40487,54123,82552,135542,96247,101737,9263,165424,126586,51405,148703,4646,152932,156040,6962,104144,85195,35426,14683,81606,2993,135475,123271,149711,174092,15968,36218,46092,1633,193475,155123,30118,26178,6575,76709,126351,27655,183670,3186,134342,3823,123586,48898,1978,92098,85045,20324,81969,52465,10271,86999,3161,65462,121315,2571,92689,4646,88167,33937,174665,152098,128366,192851,134637,101400,4127,727,33475,101127,33475,76098,6467,168592,139790,5170,25187,156599,4955,26445,156035,25549,94819,29768,9258,4160,164679,4459,83188
167746,191896,136834,98533,167420,145597,13346,0,119139,73393,42835,9142,22877,24941,60929,177416,44062,14941,16383,137274,36859,53207,67446,95413,148884,98389,94237,4848,178756,138683,48360,161206,13919,165602,168376,6385,107484,87041,29622,11556,84115,13822,148005,136458,162193,187427,20803,48523,52071,14977,206749,167855,43462,38797,12038,87221,122555,40174,196986,12629,146788,16773,136904,61369,11538,100066,98171,17056,71319,40656,18724,85754,16295,77869,117428,15910,100754,13919,101348,46878,187985,164556,141710,206142,147161,94679,17211,12916,41754,113909,41754,88391,18885,181930,152128,17683,33846,168955,17935,39712,168396,38273,106614,41593,22574,13244,178022,14121,95863
88145,158383,111649,114030,86383,160630,111352,119139,0,54893,76551,115367,117062,112789,93462,142108,104026,110602,111393,121913,113894,82560,90120,72137,122744,51679,122946,118239,135171,158528,90743,166893,115392,94525,88511,115215,41699,55964,104015,125888,53110,113794,156694,128800,87443,151635,98345,113206,67413,110542,174424,97827,98908,90764,117879,143800,105809,89247,162193,114457,157624,111204,119621,75597,112979,19270,112338,131676,136882,130148,101684,75688,110875,119728,104054,110159,18748,115392,111403,106933,154592,88515,113472,172480,156227,116951,110745,112077,77947,72044,77947,125648,112066,146989,163697,111981,86218,89375,107141,96252,89069,91735,142151,85016,105779,115206,142614,115091,67850
96926,140173,84652,68063,96275,120050,62621,73393,54893,0,33375,67233,65282,76700,39074,123860,49404,61485,61655,90883,59860,27873,36852,34865,97618,68300,117318,71054,121324,116057,66776,130399,65844,96829,97527,68074,68463,62287,69953,77165,56921,64458,118241,94766,92224,134293,53867,58346,33093,61426,156423,99528,44470,38221,68656,90804,120097,36617,144907,65384,118403,61379,89310,20734,64509,37023,66571,82292,116213,97852,54672,77840,61256,67271,116289,60809,37100,65844,67049,52124,136088,94403,88474,155107,117588,113381,60864,63330,33394,48927,33394,74839,61521,128867,124650,61777,40052,98197,57819,42559,97668,39130,93438,33223,55154,65864,124459,65516,32428
130279,167947,111570,83646,129646,136264,35060,42835,76551,33375,0,38875,42773,43339,43752,152130,39913,34477,35565,115449,44828,27869,46974,63497,124487,65029,92266,41694,151024,130797,38051,149273,39337,129879,130883,38666,71157,54915,36919,49416,50435,37681,136289,117359,125475,162536,22103,50141,12306,34418,183846,132493,34830,22333,41633,91645,105405,21675,172872,38221,135838,35436,114358,31108,36581,57370,82595,55303,85153,64623,25161,62622,34997,72344,100805,34159,58022,39337,84509,44131,163879,127684,115949,182786,135529,89639,35033,35775,2247,80281,2247,82452,36787,157014,141883,36439,9958,131546,31239,29477,131015,23103,102550,17403,30979,39061,152740,39057,62416
160198,182852,127922,89394,159945,136613,4793,9142,115367,67233,38875,0,14290,31881,52053,168441,34949,6251,7332,128213,27877,45273,58662,87315,139905,98631,100677,4612,169920,129749,51853,152151,5001,157712,160833,3237,106914,87460,34687,10543,84072,4682,138941,127335,154502,178424,18393,39479,49466,6300,197662,159897,34536,30970,4310,78907,126761,32447,187944,3503,137747,7722,127868,53690,2816,96138,89037,16520,79491,49349,13721,88243,7330,68823,121684,7165,96754,5001,92226,37736,178949,156889,132816,197069,138100,100654,8193,4173,37419,105898,37419,79381,9743,172933,143119,8547,29156,161391,9745,31088,160828,30340,97778,34500,13907,4264,169046,5141,87972
153753,171220,117156,76939,153684,122837,12666,22877,117062,65282,42773,14290,0,46041,42247,157242,23805,11756,9596,116566,14350,39641,49168,79898,128748,106457,114372,18030,159391,115867,63827,138589,9310,150362,154396,17527,113584,95656,48081,16674,91747,10194,125417,115102,147705,167052,27466,26076,54728,11782,185709,152345,25231,27061,10852,64618,138691,28665,176321,11042,124139,9427,116397,48417,13189,97837,76727,19240,93780,63493,21035,98753,10177,55299,133680,11274,98316,9310,80102,25599,167379,150147,122118,185220,124570,114066,9499,12445,40821,98534,40821,65710,6898,161605,129408,7924,32958,154899,13009,23912,154326,26156,83746,32341,11797,10066,157841,9220,81173
173617,207148,151032,116620,172975,166266,33811,24941,112789,76700,43339,31881,46041,0,76566,191905,62811,35139,37272,153142,58607,64594,82158,105295,163632,82331,69296,29147,191905,159715,27966,181181,36762,173106,174220,28690,93038,70997,9060,36298,69293,35885,167938,153510,168793,202175,26737,69604,47026,35139,222585,175673,60467,51439,35908,110508,99046,52272,212179,35000,166961,37587,152435,71065,32907,94836,115991,41116,48382,21675,30893,65382,36864,98455,93889,35959,95709,36762,118757,66443,203138,171011,155696,221754,167115,69829,37799,33840,43536,122862,43536,109170,40276,196636,172573,38981,38677,174885,36176,55361,174354,51359,128290,51395,40866,36002,192516,36830,104753
112810,131258,75907,40691,112927,92708,47584,60929,93462,39074,43752,52053,42247,76566,0,116551,18634,45994,44733,76833,30149,16276,6963,38901,88037,102505,135446,56665,117868,87087,80867,106275,48119,108684,113457,54544,105093,94200,73819,58538,89066,47586,93150,76945,106473,126626,49922,22861,53429,45956,146393,110531,17534,25362,50897,52247,148396,24833,136332,48810,92536,44344,76292,18810,49436,76073,39858,61463,123922,97642,45971,105275,44728,29857,143951,45027,76114,48119,42351,18442,127306,108949,80781,145673,92366,133151,43863,48042,41812,57213,41812,39225,42729,121113,98490,43731,40899,113903,43138,21530,113325,25308,59197,27356,38369,48582,117158,47823,40988
68857,16578,40873,81802,71080,66688,164073,177416,142108,123860,152130,168441,157242,191905,116551,0,133747,162477,161110,41137,143327,127328,110278,89355,28536,184426,241177,173042,11951,72474,189391,56282,164251,57406,69044,171035,179116,182037,187703,173913,176929,163879,58484,45292,64141,10442,165247,132200,156100,162441,32955,54926,133955,140711,166900,115820,240075,139749,21082,165107,61226,160719,40966,121472,165889,139234,81579,175752,237190,213420,162116,200009,161148,106436,236933,161507,138348,164251,77865,131644,12595,64903,36254,31398,58942,237191,160256,164503,151019,76174,151019,98970,158904,5048,62807,159987,153739,68441,159686,138021,68243,140913,92344,140547,154897,164775,611,163973,91438
131175,147983,93473,54562,131229,103489,30899,44062,104026,49404,39913,34949,23805,62811,18634,133747,0,29312,27686,93322,11800,21532,25598,57161,105220,104128,126607,39497,135664,97050,72642,118394,30552,127260,131821,37764,108834,94500,61805,40339,89787,30304,105151,92398,124926,143651,37481,10335,51773,29285,162726,129136,5424,17580,33158,52148,144632,18349,153080,31524,104151,27298,93034,29428,32568,85448,54146,42935,111102,82880,32084,102271,27816,35885,139892,28347,85702,30552,57288,4279,144100,127393,98418,162149,104324,125142,26878,31227,37673,75648,37673,46603,25263,138178,109767,26410,33157,132286,27122,10445,131708,16826,66218,22965,22234,31108,134350,30285,58892
153995,176983,121896,83870,153753,131842,1599,14941,110602,61485,34477,6251,11756,35139,45994,162477,29312,0,2204,122376,23494,39042,52541,81064,133946,96240,102812,10794,163838,125102,52105,147172,4865,151469,154630,8558,103979,85240,36486,15697,81575,3206,133942,121677,148278,172494,16176,34741,45709,60,191877,153650,28522,24776,7308,75428,127011,26271,182071,3922,132818,2471,121987,47493,3481,91339,83457,21146,83364,53975,10129,87409,1728,63953,121988,972,91916,4865,86574,32375,173066,150668,126775,191253,133106,102395,2664,2086,32825,99650,32825,74600,5200,166995,138278,3947,24552,155185,3669,24885,154621,24125,93375,28519,7692,4605,163083,4596,81733
153488,175534,120593,82200,153277,129900,3481,16383,111393,61655,35565,7332,9596,37272,44733,161110,27686,2204,0,120902,21415,38492,51366,80331,132574,97897,105016,11939,162601,123128,54235,145291,4190,150804,154125,10085,105484,86946,38690,15603,83215,2993,132067,120084,147708,171096,18091,32759,47016,2220,190367,152951,27210,24402,7060,73266,129118,25943,180626,4160,130921,391,120547,47051,4896,92123,81816,20673,85449,55910,11849,89386,623,62026,124101,1711,92680,4190,84974,30606,171629,150109,125488,189764,131228,104596,890,3616,33829,98949,33829,72652,3013,165604,136356,1744,25608,154671,4326,23900,154104,23690,91343,28518,6894,4292,161715,3861,81109
74986,54669,12187,40666,76610,44309,123975,137274,121913,90883,115449,128213,116566,153142,76833,41137,93322,122376,120902,0,102510,89093,70987,56363,13994,156619,206744,132788,45822,46082,153390,45695,123874,64518,75479,130918,153524,152322,149652,133234,147008,123598,37885,9163,67971,50590,126407,91246,121108,122344,69563,63979,93945,101704,126453,76501,210576,100891,59768,124822,39701,120511,2576,84344,125738,114113,40453,134868,199633,174405,122777,168699,120979,65353,206940,121404,113418,123874,36772,90989,50814,69982,14265,68883,37707,203344,120065,124367,114077,49917,114077,58297,118575,45220,44880,119700,115772,75309,119754,98355,74847,101802,54715,102239,114903,124429,41716,123607,59616
142893,157125,103507,62666,142969,108745,24896,36859,113894,59860,44828,27877,14350,58607,30149,143327,11800,23494,21415,102510,0,32224,37086,68895,114883,109858,125399,32035,145789,101873,72850,124366,22952,138827,143539,31034,115612,99652,59291,30845,95252,23294,111176,100854,136601,153057,36084,11734,57120,23491,171507,140653,15626,23904,25003,52221,146752,25229,162228,24396,109937,21078,102413,40594,26093,95012,62495,32452,106857,77184,29766,105351,21779,41035,141862,22652,95346,22952,65925,12056,153309,139073,108493,171049,110331,124557,20830,24971,42620,87328,42620,51532,18465,147632,115269,19763,36259,143996,22693,17674,143418,22945,69962,29871,18561,23649,143923,22766,70681
114996,142677,86461,55797,114791,108405,40487,53207,82560,27873,27869,45273,39641,64594,16276,127328,21532,39042,38492,89093,32224,0,19145,42220,99126,86801,120039,49697,127404,103006,65593,121455,42520,112457,115633,47052,90065,78189,60589,53881,73116,41482,108443,90306,109240,137619,38040,30746,37156,38990,158259,114673,16666,14411,45453,67373,132123,13081,147688,42607,107974,38143,88224,8775,42463,64136,54772,58152,110542,86171,35701,88999,38265,45916,127687,38172,64349,42520,56799,24398,138650,111634,91106,157357,107680,117501,37612,41104,26069,60704,26069,55486,37454,132079,114014,38074,26681,116179,35558,15773,115613,14957,75473,13223,31597,42758,127939,42192,42706
105958,125184,69516,36674,106102,89412,54123,67446,90120,36852,46974,58662,49168,82158,6963,110278,25598,52541,51366,70987,37086,19145,0,32166,81814,102687,139183,63272,111314,84194,84731,102313,54846,101741,106605,61066,104442,94955,78922,65390,89718,54254,89316,71610,99583,120422,55426,29288,55590,52501,140478,103577,24265,30719,57654,54033,150301,29946,130242,55473,88876,50979,70320,18383,56004,73410,35630,68395,129026,103440,51892,107138,51332,30432,145979,51581,73358,54846,37685,25283,121205,102063,74345,139694,88556,136612,50488,54606,45208,50348,45208,38549,49458,114896,94940,50425,45390,107043,49568,27797,106463,30817,57984,31713,44873,55288,110886,54545,34467
74017,105537,49790,42211,74074,89570,82552,95413,72137,34865,63497,87315,79898,105295,38901,89355,57161,81064,80331,56363,68895,42220,32166,0,62764,100591,151962,91802,87601,86827,100148,97945,84214,70536,74662,89219,98381,95976,100011,95356,90654,83319,86555,60990,67834,99796,79463,61423,66749,81015,121721,72629,54695,56627,87130,77023,154214,55294,110334,84485,87120,79965,54666,34488,84521,60278,40500,99045,148591,126963,77788,112454,80162,53534,150585,80164,59767,84214,39310,57341,101451,70287,53671,120466,85990,148159,79442,83143,62638,18655,62638,56526,78956,94327,93334,79723,66620,75133,77665,56587,74556,57140,70827,54643,73475,84528,89959,83892,4305
65681,43561,13003,53988,67521,53358,135542,148884,122744,97618,124487,139905,128748,163632,88037,28536,105220,133946,132574,13994,114883,99126,81814,62764,0,161051,214623,144506,31961,56620,162083,50446,135716,54549,66106,142504,156922,157653,159639,145414,152420,135343,45879,21289,59053,38607,136935,103844,129134,133910,59360,53491,105425,112336,138370,90495,215962,111408,48563,136570,48176,132183,13039,93588,137356,117048,53612,147326,209335,185092,133688,174874,132614,78817,212554,132975,116259,135716,49808,103155,39526,60789,9473,58322,45936,210902,131721,135970,123279,52323,123279,72123,130368,33084,52325,131451,125661,65814,131167,109525,65408,112517,68530,112348,126371,136240,29141,135438,65368
138113,201002,148571,136284,136530,188311,96247,98389,51679,68300,65029,98631,106457,82331,102505,184426,104128,96240,97897,156619,109858,86801,102687,100591,161051,0,72244,99624,179326,184352,54811,198181,100889,143114,138539,97054,12616,11415,73464,108435,14713,99211,186281,161581,136444,194553,80363,114462,52743,96189,217364,146358,98788,86807,102432,154142,56089,85847,205304,99336,186541,97889,154739,84356,97173,45841,134818,114552,91525,93581,86112,25731,97278,132342,53558,96253,46832,100889,135349,108175,197010,137833,151590,215692,185650,65964,97609,96863,67240,108855,67240,141197,99853,189459,192792,99179,74036,139387,93773,93903,139025,87673,160613,81175,94865,100392,184987,100682,97075
205370,257464,201620,175823,204058,228144,101737,94237,122946,117318,92266,100677,114372,69296,135446,241177,126607,102812,105016,206744,125399,120039,139183,151962,214623,72244,0,98355,238407,222364,54585,241493,105332,208553,205866,97595,84297,67101,66326,105539,70641,104217,228462,209267,202554,251610,89561,135211,85642,102797,273679,211635,122810,111045,104867,177545,43029,111153,262217,103500,227936,105269,205445,122984,101233,112493,174812,110055,35383,60992,95681,47258,104508,162139,38877,103476,113575,105332,176774,130736,253378,204280,205623,272398,227692,6756,105358,101928,93979,165748,93979,172722,107996,246181,233924,106760,94798,206675,102834,117111,206247,111411,192648,108112,106848,104580,241776,105346,149740
164541,187433,132532,93878,164265,140762,9263,4848,118239,71054,41694,4612,18030,29147,56665,173042,39497,10794,11939,132788,32035,49697,63272,91802,144506,99624,98355,0,174533,133840,51100,156394,9126,162154,165175,3042,108309,88352,33012,8849,85186,9193,143197,131858,158887,183019,20239,43715,51712,10840,202221,164357,39147,35341,7201,82433,125729,36788,192526,7972,141971,12330,132454,58043,7314,99064,93540,14934,76038,45485,16721,88092,11941,73057,120623,11733,99711,9126,96751,42201,183534,161267,137427,201636,142353,98608,12804,8710,40399,110366,40399,83565,14241,177529,147299,13090,32243,165739,14143,35673,165177,34744,101766,38620,18481,8480,173647,9346,92404
58126,24304,42287,85842,60380,76891,165424,178756,135171,121324,151024,169920,159391,191905,117868,11951,135664,163838,162601,45822,145789,127404,111314,87601,31961,179326,238407,174533,0,82182,187651,67565,165934,46921,58261,172374,173345,177616,187206,175998,172622,165445,68694,51736,53952,17484,165444,135014,154082,163799,39508,44217,135395,141210,168666,122132,235265,140143,27340,166671,71397,162212,44999,120948,167291,133715,85393,178223,236165,213537,162738,196075,162593,110696,232317,162875,132784,165934,81546,133896,21209,54466,37296,37427,69078,234159,161731,165895,150069,72665,150069,104076,160552,14641,73496,161579,153395,57609,160880,139095,57457,141493,99457,140541,156182,166418,12002,165644,89171
121044,77754,58040,48226,122686,7861,126586,138683,158528,116057,130797,129749,115867,159715,87087,72474,97050,125102,123128,46082,101873,103006,84194,86827,56620,184352,222364,133840,82182,0,167794,25026,124808,110424,121529,132904,183899,177800,158793,131239,172461,125158,14749,36920,114050,77604,134424,90369,139779,125090,86297,109696,100098,111390,126708,55938,234267,111224,82052,126268,12106,122771,48556,102054,127910,146985,49615,130754,208082,179027,129131,191146,123429,61261,230031,124199,146516,124808,49031,93291,75441,116045,60256,87039,14078,220210,122465,126731,128888,88551,128888,50549,120254,74017,14722,121542,127573,121342,123608,105675,120888,111077,32462,114305,118858,125513,72826,124631,91015
161330,205397,149113,121315,160370,173560,51405,48360,90743,66776,38051,51853,63827,27966,80867,189391,72642,52105,54235,153390,72850,65593,84731,100148,162083,54811,54585,51100,187651,167794,0,186997,55702,162590,161892,49305,66044,43640,19661,59692,42604,54264,173934,155408,157393,199824,36877,81754,33692,52074,221417,165446,68562,56568,56143,124347,74963,56618,210270,53873,173380,54401,152243,69109,51495,74519,120335,65412,49826,39998,43358,37760,53650,107809,69914,52554,75514,55702,122390,76852,201317,159405,153364,220285,173160,52595,54353,51793,39620,115645,39620,118324,57003,194326,179354,55908,40265,162632,51181,62838,162142,56977,138325,53527,54476,55015,189998,55619,98491
115715,57348,57347,65681,117643,17167,148703,161206,166893,130399,149273,152151,138589,181181,106275,56282,118394,147172,145291,45695,124366,121455,102313,97945,50446,198181,241493,156394,67565,25026,186997,0,147288,104326,116102,155238,196324,192685,179548,154398,187320,147501,13244,38112,109296,58776,155242,112683,157171,147156,63326,102891,120861,131369,149359,80701,250264,131004,61000,148650,14499,144922,48188,119136,150145,157735,66683,154301,229356,201122,150337,207474,145543,83337,246277,146241,157127,147288,64870,114911,55860,110916,57478,64403,14072,238889,144579,148907,147521,94918,147521,72886,142507,56396,10346,143774,147173,115746,145386,126231,115375,131173,56613,133601,140543,147968,56473,147088,101777
157503,178536,123844,84805,157310,131697,4646,13919,115392,65844,39337,5001,9310,36762,48119,164251,30552,4865,4190,123874,22952,42520,54846,84214,135716,100889,105332,9126,165934,124808,55702,147288,0,154721,158141,8232,108745,89841,39157,11440,86244,1693,134086,122827,151688,174184,20610,34604,50561,4923,193254,156843,30595,28525,2933,73923,130664,30077,183632,1852,132871,4482,123581,51124,4216,96125,84487,16508,84482,54332,14854,91540,4604,63951,125613,5233,96694,0,87730,33127,174651,154095,128761,192691,133243,105179,5008,4070,37671,102849,37671,74480,5390,168705,138218,4492,29405,158682,8261,27667,158115,27792,92804,32706,10972,760,164854,332,85068
11627,71142,53148,91585,13769,107768,152932,165602,94525,96829,129879,157712,150362,173106,108684,57406,127260,151469,150804,64518,138827,112457,101741,70536,54549,143114,208553,162154,46921,110424,162590,104326,154721,0,11921,159499,135213,143622,166713,165890,139140,153796,100415,73614,7415,64379,148492,130223,129376,151418,85471,3306,125132,126839,157643,132573,198991,125435,73672,154952,102670,150443,62159,104247,154907,97610,90355,169546,212398,194501,147554,163212,150618,113901,196664,150583,96567,154721,86715,126959,68128,7546,50255,83154,100451,203511,149917,153540,129573,51883,129573,111374,149482,61257,106864,150233,135010,11472,148013,127118,11153,127413,115264,124257,143930,155021,57705,154398,69752
647,82311,63799,99967,2313,119131,156040,168376,88511,97527,130883,160833,154396,174220,113457,69044,131821,154630,154125,75479,143539,115633,106605,74662,66106,138539,205866,165175,58261,121529,161892,116102,158141,11921,0,162421,129883,139947,167396,169456,135720,157114,111895,84626,7849,75624,150438,135591,129255,154577,96167,14118,129270,129863,161073,140983,193976,128394,84581,158236,114100,153775,73054,107143,158018,93777,98634,173433,211684,195347,150009,159777,153895,121282,191909,153777,92707,158141,95140,131881,79447,5548,61273,93786,111905,200578,153245,156676,130781,56258,130781,119569,153009,72745,118424,153679,136752,869,151090,130776,804,130505,124782,126800,147230,158389,69320,157813,73226
161789,185532,130449,92285,161496,139746,6962,6385,115215,68074,38666,3237,17527,28690,54544,171035,37764,8558,10085,130918,31034,47052,61066,89219,142504,97054,97595,3042,172374,132904,49305,155238,8232,159499,162421,0,105604,85816,31757,11415,82568,7748,142023,130159,156173,181051,17333,42592,48769,8594,200407,161726,37080,32660,7272,82144,124121,34077,190622,6644,140846,10471,130538,55321,5196,96035,91900,17548,76254,46160,13680,86005,9953,71925,119032,9529,96680,8232,95051,40676,181618,158546,135325,199791,141182,97647,10886,6552,37361,107752,37361,82504,12740,175553,146238,11490,29201,162991,11606,33348,162430,32097,100965,35763,16193,7488,171641,8360,89748
129491,195644,144766,136294,127800,187389,104144,107484,41699,68463,71157,106914,113584,93038,105093,179116,108834,103979,105484,153524,115612,90065,104442,98381,156922,12616,84297,108309,173345,183899,66044,196324,108745,135213,129883,105604,0,22549,84049,117018,23772,107054,184829,159072,128327,189069,88523,119114,58941,103926,211937,138493,103421,91994,110512,157258,64147,90874,199783,107294,185274,105437,151510,86452,105236,39953,134752,123151,104131,105380,93891,38275,104874,134653,62361,103895,40802,108745,134919,112707,191710,129562,147452,210162,184240,77896,105113,104795,73276,104611,73276,142925,107203,184115,191514,106642,80697,130741,101248,98922,130411,92910,161844,86148,101830,108305,179660,108515,94578
139483,198601,144945,129585,138039,182105,85195,87041,55964,62287,54915,87460,95656,70997,94200,182037,94500,85240,86946,152322,99652,78189,94955,95976,157653,11415,67101,88352,177616,177800,43640,192685,89841,143622,139947,85816,22549,0,62099,97177,5366,88171,180497,156760,137237,192296,69265,104816,42764,85190,214983,146806,89233,77018,91312,145246,58323,76154,203048,88258,180611,86951,150568,76576,86068,46175,128185,103285,82840,82831,75124,19979,86324,124040,54939,85287,47242,89841,128990,98625,194566,138793,148249,213415,179836,61282,86688,85799,57152,105945,57152,133244,88983,187084,186850,88269,63568,140777,82872,84160,140380,77850,152924,71552,84161,89327,182611,89642,92750
166801,203200,146888,114368,166083,165092,35426,29622,104015,69953,36919,34687,48081,9060,73819,187703,61805,36486,38690,149652,59291,60589,78922,100011,159639,73464,66326,33012,187206,158793,19661,179548,39157,166713,167396,31757,84049,62099,0,41162,60290,37968,166330,150530,162176,198042,24372,69601,39048,36471,218837,169357,58769,48458,38965,111512,92940,49048,208194,37311,165492,38943,148809,66297,35003,86251,113620,46585,50118,27995,29900,57402,38182,97689,87810,37153,87144,39157,116170,65718,199162,164350,151449,217915,165521,66023,39035,35639,37479,117135,37479,108406,41670,192504,171242,40434,33978,168079,36619,53322,167556,48546,127945,47413,40849,38415,188314,39149,99168
168817,187884,133785,93510,168646,138380,14683,11556,125888,77165,49416,10543,16674,36298,58538,173913,40339,15697,15603,133234,30845,53881,65390,95356,145414,108435,105539,8849,175998,131239,59692,154398,11440,165890,169456,11415,117018,97177,41162,0,93969,12719,141287,131697,162952,183725,28653,42460,59944,15757,202337,167970,41172,39960,8544,78248,134077,41516,192986,11784,139913,15914,133071,62521,12940,106652,93332,6133,81380,50065,24264,96852,15952,71360,128955,16356,107260,11440,96737,42272,184048,165367,138739,201863,140435,106118,16443,13957,47944,114007,47944,81561,16447,178278,145037,15817,39670,169990,19354,38773,169421,39219,98885,44099,22405,11331,174512,11772,96318
135245,193487,139692,124250,133844,176750,81606,84115,53110,56921,50435,84072,91747,69293,89066,176929,89787,81575,83215,147008,95252,73116,89718,90654,152420,14713,70641,85186,172622,172461,42604,187320,86244,139140,135720,82568,23772,5366,60290,93969,0,84563,175132,151414,132838,187206,65758,100116,38186,81524,209868,142305,84486,72372,87829,140281,63597,71461,197955,84707,175248,83202,145264,71336,82563,41996,122846,100096,84391,82351,71446,24083,82596,118918,60137,81576,43074,86244,123637,93880,189447,134439,143026,208316,174471,65037,82918,82228,52657,100802,52657,128057,85151,181977,181488,84485,59346,136544,79078,79496,136136,73221,147698,66823,80153,85756,177505,86034,87453
156477,178245,123405,84719,156265,131997,2993,13822,113794,64458,37681,4682,10194,35885,47586,163879,30304,3206,2993,123598,23294,41482,54254,83319,135343,99211,104217,9193,165445,125158,54264,147501,1693,153796,157114,7748,107054,88171,37968,12719,84563,0,134288,122675,150701,173844,18959,34845,48876,3265,193028,155940,30053,27367,4201,74666,129223,28900,183339,1227,133104,3354,123270,50032,2995,94529,84367,18005,83805,53891,13163,89971,3250,64181,124179,3681,95103,1693,87567,33056,174349,153101,128309,192443,133447,103985,3879,2485,36031,101939,36031,74756,5064,168357,138491,3898,27757,157661,6719,26863,157095,26664,93241,31382,9885,1423,164484,1472,84102
111453,63060,50045,52646,113238,8210,135475,148005,156694,118241,136289,138941,125417,167938,93150,58484,105151,133942,132067,37885,111176,108443,89316,86555,45879,186281,228462,143197,68694,14749,173934,13244,134086,100415,111895,142023,184829,180497,166330,141287,175132,134288,0,29187,104691,63108,142016,99483,144380,133925,71623,99362,107629,118190,136174,68531,237847,117843,67320,135439,2755,131696,40461,106345,136924,146695,53706,141279,216120,187886,137097,194952,132316,70141,233800,133010,146130,134086,52073,101671,60829,106519,51224,72325,859,225926,131351,135682,134512,85133,134512,59738,129289,59721,7100,130554,134041,111628,132145,113010,111210,117985,44100,120493,127302,134764,58801,133885,90521
84136,56951,21243,38202,85768,35284,123271,136458,128800,94766,117359,127335,115102,153510,76945,45292,92398,121677,120084,9163,100854,90306,71610,60990,21289,161581,209267,131858,51736,36920,155408,38112,122827,73614,84626,130159,159072,156760,150530,131697,151414,122675,29187,0,77130,53817,126851,89332,123813,121648,70712,73012,93545,102195,125297,70626,214830,101511,62017,123889,30839,119695,11663,86342,124963,120062,38377,132928,200636,174504,122834,172540,120208,62016,211054,120708,119417,122827,35110,89720,53369,79134,23370,70360,28939,206119,119273,123616,115853,56806,115853,53908,117618,48759,36258,118789,116909,84450,119257,98283,83991,102206,47736,103258,114367,123418,45824,122575,64581
7264,78230,56185,92156,8648,111821,149711,162193,87443,92224,125475,154502,147705,168793,106473,64141,124926,148278,147708,67971,136601,109240,99583,67834,59053,136444,202554,158887,53952,114050,157393,109296,151688,7415,7849,156173,128327,137237,162176,162952,132838,150701,104691,77130,0,71434,144605,128437,124418,148226,92734,10652,122523,123547,154618,133179,192219,122103,80875,151837,106849,147354,65519,100852,151688,91124,90833,166808,207220,190062,143950,156921,147496,113620,189965,147411,90071,151688,87324,124865,75131,2505,53823,90437,104676,197418,146825,150336,125274,49278,125274,111784,146510,68140,111298,147213,131001,7965,144770,124209,7406,124162,116937,120682,140817,151957,64467,151361,66634
75508,6865,51163,91129,77768,71182,174092,187427,151635,134293,162536,178424,167052,202175,126626,10442,143651,172494,171096,50590,153057,137619,120422,99796,38607,194553,251610,183019,17484,77604,199824,58776,174184,64379,75624,181051,189069,192296,198042,183725,187206,173844,63108,53817,71434,0,175497,141832,166541,172459,22871,61631,143981,150925,176809,123793,250276,149982,10756,175071,65859,170705,50655,131840,175894,149238,90997,185443,247575,223664,172293,210344,171146,115566,247170,171523,148340,174184,87352,141455,4027,71925,46616,21140,63671,247613,170247,174512,161413,86503,161413,107722,168852,5540,66522,169949,164071,74954,169745,148125,74820,151113,99874,150841,164938,174719,9839,173910,101873
149819,180434,124374,90237,149346,140723,15968,20803,98345,53867,22103,18393,27466,26737,49922,165247,37481,16176,18091,126407,36084,38040,55426,79463,136935,80363,89561,20239,165444,134424,36877,155242,20610,148492,150438,17333,88523,69265,24372,28653,65758,18959,142016,126851,144605,175497,0,45663,31487,16133,195851,150921,34410,24706,22072,88024,111416,25541,185470,18996,141153,18173,125699,44995,16810,79263,89545,34762,74180,48174,6517,71310,17472,73357,106441,16383,79951,20610,92213,41458,176428,146902,129067,195026,141204,88525,18015,16550,21183,97457,21183,84066,20568,169959,146886,19618,13818,151058,14508,29023,150511,24649,103682,24956,17609,20074,165858,20427,79274
134944,145781,92740,51130,135162,97160,36218,48523,113206,58346,50141,39479,26076,69604,22861,132200,10335,34741,32759,91246,11734,30746,29288,61423,103844,114462,135211,43715,135014,90369,81754,112683,34604,130223,135591,42592,119114,104816,69601,42460,100116,34845,99483,89332,128437,141832,45663,0,62073,34730,160026,131886,15708,27832,36725,42601,154477,28662,150882,35981,98271,32402,91241,37809,37554,94879,51029,43647,117968,88664,39717,112310,33062,29347,149694,33846,95084,34604,54542,6459,141996,130930,97745,159607,98639,134025,32098,36363,47896,79378,47896,39913,29897,136436,103645,31181,42976,136002,33433,20678,135422,27039,58690,33296,28850,35285,132792,34405,63739
128675,172232,116134,91968,127839,144883,46092,52071,67413,33093,12306,49466,54728,47026,53429,156100,51773,45709,47016,121108,57120,37156,55590,66749,129134,52743,85642,51712,154082,139779,33692,157171,50561,129376,129255,48769,58941,42764,39048,59944,38186,48876,144380,123813,124418,166541,31487,62073,0,45653,188352,132168,46551,34258,52631,103016,94967,33425,177057,49278,144109,46929,119804,38039,47425,48666,90781,65984,83189,66907,35877,51858,46423,82819,90537,45507,49451,50561,92320,55928,168147,126501,120250,187149,143649,82312,46565,46783,14501,81957,14501,92601,48505,161065,150242,48042,21780,129968,42711,41404,129461,35086,112620,28878,42944,50205,156705,50303,64916
153942,176949,121858,83844,153699,131828,1633,14977,110542,61426,34418,6300,11782,35139,45956,162441,29285,60,2220,122344,23491,38990,52501,81015,133910,96189,102797,10840,163799,125090,52074,147156,4923,151418,154577,8594,103926,85190,36471,15757,81524,3265,133925,121648,148226,172459,16133,34730,45653,0,191845,153599,28486,24722,7368,75432,126979,26217,182037,3982,132802,2480,121953,47440,3526,91279,83430,21207,83368,53990,10078,87369,1732,63939,121956,941,91856,4923,86546,32354,173032,150616,126737,191220,133088,102376,2662,2133,32766,99600,32766,74587,5210,166960,138263,3962,24492,155132,3610,24842,154568,24072,93366,28461,7649,4665,163047,4654,81682
96126,16382,72307,108901,98397,78888,193475,206749,174424,156423,183846,197662,185709,222585,146393,32955,162726,191877,190367,69563,171507,158259,140478,121721,59360,217364,273679,202221,39508,86297,221417,63326,193254,85471,96167,200407,211937,214983,218837,202337,209868,193028,71623,70712,92734,22871,195851,160026,188352,191845,0,82515,163488,171168,195783,137665,273030,170313,12232,194249,74199,189977,70158,152919,195219,172096,109015,203638,268635,243917,192321,232892,190459,132511,269885,190905,171201,193254,105608,160227,20425,92962,68103,2583,72359,269803,189538,193854,182629,109086,182629,123768,187989,27913,72925,189132,184874,95436,189295,167917,95370,171292,113098,171465,184435,193824,32388,192993,124003
13937,68359,52873,92325,16176,106824,155123,167855,97827,99528,132493,159897,152345,175673,110531,54926,129136,153650,152951,63979,140653,114673,103577,72629,53491,146358,211635,164357,44217,109696,165446,102891,156843,3306,14118,161726,138493,146806,169357,167970,142305,155940,99362,73012,10652,61631,150921,131886,132168,153599,82515,0,127115,129071,159759,133240,202252,127681,70783,157103,101666,152586,61677,106533,157096,100822,91138,171551,215240,197106,149885,166372,152774,114970,199911,152757,99782,156843,87449,128744,65421,10467,49725,80179,99426,206618,152062,155724,132152,54003,132152,112152,151583,58655,105718,152352,137488,13532,150214,129210,13318,129630,115472,126590,146086,157154,55204,156520,71994
128626,148507,93390,56196,128597,106329,30118,43462,98908,44470,34830,34536,25231,60467,17534,133955,5424,28522,27210,93945,15626,16666,24265,54695,105425,98788,122810,39147,135395,100098,68562,120861,30595,125132,129270,37080,103421,89233,58769,41172,84486,30053,107629,93545,122523,143981,34410,15708,46551,28486,163488,127115,0,12571,33391,56910,139869,13164,153591,31277,106747,26820,93510,24968,31944,80241,55625,44443,108500,81062,29575,97348,27218,39333,135169,27552,80515,30595,58537,9394,144579,124971,98280,162828,106813,121144,26343,30554,32602,73318,32602,49956,25205,138479,112477,26197,28620,129762,25809,5727,129187,11919,69838,17683,20967,31051,134561,30297,56091
129228,155797,99856,65962,128979,117357,26178,38797,90764,38221,22333,30970,27061,51439,25362,140711,17580,24776,24402,101704,23904,14411,30719,56627,112336,86807,111045,35341,141210,111390,56568,131369,28525,126839,129863,32660,91994,77018,48458,39960,72372,27367,118190,102195,123547,150925,24706,27832,34258,24722,171168,129071,12571,0,31444,69480,127309,1607,160842,28449,117465,24073,101011,22721,28155,71682,65182,44606,98561,72772,21540,84782,24122,51296,122619,23938,72081,28525,67713,21803,151802,125929,104597,170359,117393,109149,23541,26815,20094,75112,20094,61763,23718,145391,123327,24177,16335,130421,21229,7154,129858,976,81792,5968,17555,28694,141321,28193,57088
160435,181120,126547,87221,160242,133661,6575,12038,117879,68656,41633,4310,10852,35908,50897,166900,33158,7308,7060,126453,25003,45453,57654,87130,138370,102432,104867,7201,168666,126708,56143,149359,2933,157643,161073,7272,110512,91312,38965,8544,87829,4201,136174,125297,154618,176809,22072,36725,52631,7368,195783,159759,33391,31444,0,75254,131062,32992,186218,3423,134921,7376,126188,54054,5277,98620,86935,13839,83176,52686,16763,92426,7412,66035,125987,7875,99203,2933,90217,35577,177245,157025,131472,195239,135328,104902,7907,5865,40037,105768,40037,76498,8224,171336,140217,7409,31750,161614,10906,30569,161047,30716,94598,35560,13897,2793,167503,3262,87996
140368,125999,83423,41032,141260,63669,76709,87221,143800,90804,91645,78907,64618,110508,52247,115820,52148,75428,73266,76501,52221,67373,54033,77023,90495,154142,177545,82433,122132,55938,124347,80701,73923,132573,140983,82144,157258,145246,111512,78248,140281,74666,68531,70626,133179,123793,88024,42601,103016,75432,137665,133240,56910,69480,75254,0,196758,69993,130883,75614,66535,72964,77695,71038,77624,127432,42349,76783,158394,127829,81865,154240,73701,24137,192032,74653,127365,73923,45883,47869,122797,135622,88026,137880,67684,176525,72785,76668,89438,89840,89438,21551,70254,119005,70567,71544,85304,141144,74906,62487,140584,68815,24668,74287,70720,74676,116335,73819,80926
193576,256651,203267,186128,191909,238999,126351,122555,105809,120097,105405,126761,138691,99046,148396,240075,144632,127011,129118,210576,146752,132123,150301,154214,215962,56089,43029,125729,235265,234267,74963,250264,130664,198991,193976,124121,64147,58323,92940,134077,63597,129223,237847,214830,192219,250276,111416,154477,94967,126979,273030,202252,139869,127309,131062,196758,0,126880,261032,128835,237815,129269,208849,132226,126457,101930,184825,139515,77533,97843,117933,43164,128525,177646,5160,127425,102920,130664,185954,148910,252634,193526,206549,271412,237159,37346,129195,126749,107558,164123,107558,187548,131827,245118,244026,130767,111514,194833,125890,134271,194495,127953,207584,122792,128821,129977,240643,130581,151047
127760,154896,98883,65506,127499,117119,27655,40174,89247,36617,21675,32447,28665,52272,24833,139749,18349,26271,25943,100891,25229,13081,29946,55294,111408,85847,111153,36788,140143,111224,56618,131004,30077,125435,128394,34077,90874,76154,49048,41516,71461,28900,117843,101511,122103,149982,25541,28662,33425,26217,170313,127681,13164,1607,32992,69993,126880,0,159934,29972,117154,25617,100165,21255,29631,70184,64690,46192,99165,73684,22683,84248,25652,51397,122216,25445,70576,30077,67153,22512,150893,124481,103604,169485,117050,109162,25086,28300,19454,73743,19454,61793,25302,144446,123043,25745,16356,128955,22701,8068,128393,2525,81856,4727,19113,30235,140360,29746,55690
84512,5102,61341,99909,86783,75097,183670,196986,162193,144907,172872,187944,176321,212179,136332,21082,153080,182071,180626,59768,162228,147688,130242,110334,48563,205304,262217,192526,27340,82052,210270,61000,183632,73672,84581,190622,199783,203048,208194,192986,197955,183339,67320,62017,80875,10756,185470,150882,177057,182037,12232,70783,153591,160842,186218,130883,261032,159934,0,184564,70021,180235,60084,142078,185449,159968,99888,194528,257836,233612,182134,221075,180693,124029,257925,181099,159067,183632,96341,150753,9041,81193,56930,10388,67975,258255,179785,184073,171714,97235,171714,115763,178324,16049,69756,179441,174216,83871,179390,157857,83780,161005,106592,160910,174558,184182,20492,183363,112480
157600,179470,124632,85925,157380,133122,3186,12629,114457,65384,38221,3503,11042,35000,48810,165107,31524,3922,4160,124822,24396,42607,55473,84485,136570,99336,103500,7972,166671,126268,53873,148650,1852,154952,158236,6644,107294,88258,37311,11784,84707,1227,135439,123889,151837,175071,18996,35981,49278,3982,194249,157103,31277,28449,3423,75614,128835,29972,184564,0,134247,4534,124496,51135,2377,95198,85578,17247,82817,52804,13445,89785,4342,65323,123781,4585,95782,1852,88782,34257,175574,154235,129535,193666,134598,103334,5050,2503,36617,103100,36617,75886,6272,169584,139624,5123,28331,158785,7570,28057,158219,27760,94321,32365,11024,1143,165711,1847,85247
113651,65782,51886,52214,115416,5495,134342,146788,157624,118403,135838,137747,124139,166961,92536,61226,104151,132818,130921,39701,109937,107974,88876,87120,48176,186541,227936,141971,71397,12106,173380,14499,132871,102670,114100,140846,185274,180611,165492,139913,175248,133104,2755,30839,106849,65859,141153,98271,144109,132802,74199,101666,106747,117465,134921,66535,237815,117154,70021,134247,0,130553,42274,106093,135765,147340,53341,139802,215198,186784,136154,194862,131181,68925,233730,131891,146793,132871,51895,100611,63569,108705,53249,74933,2331,225475,130216,134536,134034,86264,134034,58429,128121,62476,6251,129392,133397,113846,131082,112173,113422,117239,42245,119891,126254,133555,61545,132675,91135
153138,175143,120203,81814,152930,129538,3823,16773,111204,61379,35436,7722,9427,37587,44344,160719,27298,2471,391,120511,21078,38143,50979,79965,132183,97889,105269,12330,162212,122771,54401,144922,4482,150443,153775,10471,105437,86951,38943,15914,83202,3354,131696,119695,147354,170705,18173,32402,46929,2480,189977,152586,26820,24073,7376,72964,129269,25617,180235,4534,130553,0,120157,46710,5279,91934,81429,20933,85781,56271,11883,89478,763,61661,124255,1848,92487,4482,84586,30225,171238,149755,125098,189374,130858,104829,532,3987,33686,98585,33686,72290,2731,165213,135991,1513,25478,154320,4218,23523,153754,23354,90996,28227,6547,4624,161324,4152,80751
72556,54997,9619,41020,74162,46868,123586,136904,119621,89310,114358,127868,116397,152435,76292,40966,93034,121987,120547,2576,102413,88224,70320,54666,13039,154739,205445,132454,44999,48556,152243,48188,123581,62159,73054,130538,151510,150568,148809,133071,145264,123270,40461,11663,65519,50655,125699,91241,119804,121953,70158,61677,93510,101011,126188,77695,208849,100165,60084,124496,42274,120157,0,83272,125367,112024,40702,134818,198733,173759,122179,167084,120612,65820,205246,121015,111318,123581,36941,90802,51081,67548,11960,69389,40282,201983,119705,123990,113023,47676,113023,59095,118262,45219,47455,119373,114888,72894,119312,97822,72427,101133,56304,101402,114477,124125,41556,123310,57824
106508,137118,80738,54024,106259,106962,48898,61369,75597,20734,31108,53690,48417,71065,18810,121472,29428,47493,47051,84344,40594,8775,18383,34488,93588,84356,122984,58043,120948,102054,69109,119136,51124,104247,107143,55321,86452,76576,66297,62521,71336,50032,106345,86342,100852,131840,44995,37809,38039,47440,152919,106533,24968,22721,54054,71038,132226,21255,142078,51135,106093,46710,83272,0,50875,57695,52795,66881,115758,92736,43394,89093,46798,48211,127978,46648,57804,51124,54281,31738,133062,103228,85225,151910,105615,120017,46179,49536,29754,52698,29754,56842,46125,126306,112240,46704,32454,107702,43947,24540,107139,23377,76366,20165,40165,51334,122083,50794,34558
157383,180359,125330,87093,157129,134712,1978,11538,112979,64509,36581,2816,13189,32907,49436,165889,32568,3481,4896,125738,26093,42463,56004,84521,137356,97173,101233,7314,167291,127910,51495,150145,4216,154907,158018,5196,105236,86068,35003,12940,82563,2995,136924,124963,151688,175894,16810,37554,47425,3526,195219,157096,31944,28155,5277,77624,126457,29631,185449,2377,135765,5279,125367,50875,0,93734,86705,18724,80887,51117,11550,87443,4760,66857,121403,4427,94336,4216,89854,35500,176447,154075,130214,194608,136084,101025,5690,1399,35053,103099,35053,77464,7657,170397,141183,6375,26769,158576,6930,28365,158013,27527,96054,31711,11172,3520,166495,4166,85164
93311,155779,105012,100649,91879,149848,92098,100066,19270,37023,57370,96138,97837,94836,76073,139234,85448,91339,92123,114113,95012,64136,73410,60278,117048,45841,112493,99064,133715,146985,74519,157735,96125,97610,93777,96035,39953,46175,86251,106652,41996,94529,146695,120062,91124,149238,79263,94879,48666,91279,172096,100822,80241,71682,98620,127432,101930,70184,159968,95198,147340,91934,112024,57695,93734,0,99010,112423,122482,113076,82471,66014,91606,103595,99321,90892,1082,96125,98593,88528,151829,92646,107585,170354,146152,107002,91475,92824,58724,64787,58724,110357,92801,144242,153535,92712,66983,94605,87873,77342,94206,72655,127905,65885,86520,95942,139781,95824,56209
98019,94789,43821,1716,98916,54192,85045,98171,112338,66571,82595,89037,76727,115991,39858,81579,54146,83457,81816,40453,62495,54772,35630,40500,53612,134818,174812,93540,85393,49615,120335,66683,84487,90355,98634,91900,134752,128185,113620,93332,122846,84367,53706,38377,90833,90997,89545,51029,90781,83430,109015,91138,55625,65182,86935,42349,184825,64690,99888,85578,53341,81429,40702,52795,86705,99010,0,94670,163684,136685,85142,141763,81958,25407,180655,82491,98647,84487,3908,51365,91035,93278,48769,108579,52953,172225,81016,85370,80838,49146,80838,21020,79306,85659,59462,80490,80682,98797,81150,60631,98236,65074,30505,67047,76251,85086,82161,84239,44798
172792,189427,135946,94738,172683,138037,20324,17056,131676,82292,55303,16520,19240,41116,61463,175752,42935,21146,20673,134868,32452,58152,68395,99045,147326,114552,110055,14934,178223,130754,65412,154301,16508,169546,173433,17548,123151,103285,46585,6133,100096,18005,141279,132928,166808,185443,34762,43647,65984,21207,203638,171551,44443,44606,13839,76783,139515,46192,194528,17247,139802,20933,134818,66881,18724,112423,94670,0,84638,53061,30203,102729,21112,71814,134381,21684,113013,16508,98188,44342,185637,169242,140928,203238,140423,110882,21441,19599,53772,117693,53772,81717,20891,180031,144767,20529,45485,173948,24723,42680,173377,43807,98305,49096,27178,16582,176347,16829,100213
211125,252875,196495,164402,210142,214590,81969,71319,136882,116213,85153,79491,93780,48382,123922,237190,111102,83364,85449,199633,106857,110542,129026,148591,209335,91525,35383,76038,236165,208082,49826,229356,84482,212398,211684,76254,104131,82840,50118,81380,84391,83805,216120,200636,207220,247575,74180,117968,83189,83368,268635,215240,108500,98561,83176,158394,77533,99165,257836,82817,215198,85781,198733,115758,80887,122482,163684,84638,0,31638,79047,66324,85078,146823,72953,84218,123527,84482,166272,114795,248820,209228,200961,267654,215302,40259,86028,81929,86185,164829,86185,157543,88425,242045,220858,87124,83861,212429,84551,103196,211941,98627,176658,97436,89246,83732,237801,84595,147295
194750,228569,172548,137229,194050,185809,52465,40656,130148,97852,64623,49349,63493,21675,97642,213420,82880,53975,55910,174405,77184,86171,103440,126963,185092,93581,60992,45485,213537,179027,39998,201122,54332,194501,195347,46160,105380,82831,27995,50065,82351,53891,187886,174504,190062,223664,48174,88664,66907,53990,243917,197106,81062,72772,52686,127829,97843,73684,233612,52804,186784,56271,173759,92736,51117,113076,136685,53061,31638,0,51679,72316,55627,117926,92775,54896,114015,54332,139582,86227,224571,192252,177239,243125,187051,63563,56592,52302,64973,144475,64973,128562,58773,218127,192253,57486,60350,196026,55776,76222,195501,72629,147124,73000,60650,53608,214031,54488,126387
149383,177075,121289,85748,149007,135563,10271,18724,101684,54672,25161,13721,21035,30893,45971,162116,32084,10129,11849,122777,29766,35701,51892,77788,133688,86112,95681,16721,162738,129131,43358,150337,14854,147554,150009,13680,93891,75124,29900,24264,71446,13163,137097,122834,143950,172293,6517,39717,35877,10078,192321,149885,29575,21540,16763,81865,117933,22683,182134,13445,136154,11883,122179,43394,11550,82471,85142,30203,79047,51679,0,77719,11225,67922,112958,10170,83099,14854,87963,35891,173098,146290,126058,191566,136276,94791,11671,10942,23751,96092,23751,78648,14151,166764,141812,13275,15538,150603,8033,24556,150048,21247,98081,23297,11213,14425,162726,14626,77946
159305,216527,162015,143047,157889,195953,86999,85754,75688,77840,62622,88243,98753,65382,105275,200009,102271,87409,89386,168699,105351,88999,107138,112454,174874,25731,47258,88092,196075,191146,37760,207474,91540,163212,159777,86005,38275,19979,57402,96852,24083,89971,194952,172540,156921,210344,71310,112310,51858,87369,232892,166372,97348,84782,92426,154240,43164,84248,221075,89785,194862,89478,167084,89093,87443,66014,141763,102729,66324,72316,77719,0,88770,134640,38893,87676,67087,91540,142972,106534,212469,158521,165560,231406,194252,41332,89325,87494,64815,123841,64815,144459,91862,205055,201058,90928,69417,160602,85751,91843,160198,85477,164471,80021,88091,90917,200592,91405,109554
153258,175602,120607,82354,153039,130183,3161,16295,110875,61256,34997,7330,10177,36864,44728,161148,27816,1728,623,120979,21779,38265,51332,80162,132614,97278,104508,11941,162593,123429,53650,145543,4604,150618,153895,9953,104874,86324,38182,15952,82596,3250,132316,120208,147496,171146,17472,33062,46423,1732,190459,152774,27218,24122,7412,73701,128525,25652,180693,4342,131181,763,120612,46798,4760,91606,81958,21112,85078,55627,11225,88770,0,62300,123510,1101,92166,4604,85100,30800,171693,149894,125497,189848,131478,104066,965,3412,33273,98772,33273,72938,3488,165651,136629,2274,25042,154443,3762,23795,153877,23425,91678,28149,6689,4621,161753,4283,80909
120650,118957,69223,24857,121317,67895,65462,77869,119728,67271,72344,68823,55299,98455,29857,106436,35885,63953,62026,65353,41035,45916,30432,53534,78817,132342,162139,73057,110696,61261,107809,83337,63951,113901,121282,71925,134653,124040,97689,71360,118918,64181,70141,62016,113620,115566,73357,29347,82819,63939,132511,114970,39333,51296,66035,24137,177646,51397,124029,65323,68925,61661,65820,48211,66857,103595,25407,71814,146823,117926,67922,134640,62300,0,173103,63036,103494,63951,29306,32044,115331,116110,74175,132275,69297,160404,61335,65640,70247,67741,70247,10727,59206,110332,74330,60481,67630,121534,62364,45028,120960,50846,30518,55090,57600,64632,107006,63753,57281
191496,253503,199810,181939,189868,234844,121315,117428,104054,116289,100805,121684,133680,93889,143951,236933,139892,121988,124101,206940,141862,127687,145979,150585,212554,53558,38877,120623,232317,230031,69914,246277,125613,196664,191909,119032,62361,54939,87810,128955,60137,124179,233800,211054,189965,247170,106441,149694,90537,121956,269885,199911,135169,122619,125987,192032,5160,122216,257925,123781,233730,124255,205246,127978,121403,99321,180655,134381,72953,92775,112958,38893,123510,173103,0,122410,100329,125613,181847,144171,249474,191324,203163,268298,233105,32933,124187,121707,102942,160877,102942,183061,126822,241979,239931,125756,106752,192762,120902,129552,192412,123250,203116,118173,123877,124922,237505,125532,147491
153141,176011,120928,82907,152906,130928,2571,15910,110159,60809,34159,7165,11274,35959,45027,161507,28347,972,1711,121404,22652,38172,51581,80164,132975,96253,103476,11733,162875,124199,52554,146241,5233,150583,153777,9529,103895,85287,37153,16356,81576,3681,133010,120708,147411,171523,16383,33846,45507,941,190905,152757,27552,23938,7875,74653,127425,25445,181099,4585,131891,1848,121015,46648,4427,90892,82491,21684,84218,54896,10170,87676,1101,63036,122410,0,91461,5233,85606,31427,172094,149804,125808,190281,132174,103011,1883,3028,32466,98756,32466,73689,4530,166024,137358,3358,24213,154330,3040,23940,153765,23273,92496,27780,6749,5103,162113,4933,80853
92242,154889,104258,100292,90807,149331,92689,100754,18748,37100,58022,96754,98316,95709,76114,138348,85702,91916,92680,113418,95346,64349,73358,59767,116259,46832,113575,99711,132784,146516,75514,157127,96694,96567,92707,96680,40802,47242,87144,107260,43074,95103,146130,119417,90071,148340,79951,95084,49451,91856,171201,99782,80515,72081,99203,127365,102920,70576,159067,95782,146793,92487,111318,57804,94336,1082,98647,113013,123527,114015,83099,67087,92166,103494,100329,91461,0,96694,98191,88746,150943,91588,106800,169451,145592,108082,92026,93415,59349,64023,59349,110171,93328,143354,152982,93252,67598,93536,88438,77681,93138,73054,127631,66306,87035,96517,138895,96391,55676
157503,178536,123844,84805,157310,131697,4646,13919,115392,65844,39337,5001,9310,36762,48119,164251,30552,4865,4190,123874,22952,42520,54846,84214,135716,100889,105332,9126,165934,124808,55702,147288,0,154721,158141,8232,108745,89841,39157,11440,86244,1693,134086,122827,151688,174184,20610,34604,50561,4923,193254,156843,30595,28525,2933,73923,130664,30077,183632,1852,132871,4482,123581,51124,4216,96125,84487,16508,84482,54332,14854,91540,4604,63951,125613,5233,96694,0,87730,33127,174651,154095,128761,192691,133243,105179,5008,4070,37671,102849,37671,74480,5390,168705,138218,4492,29405,158682,8261,27667,158115,27792,92804,32706,10972,760,164854,332,85068
94529,91239,39918,4877,95465,53122,88167,101348,111403,67049,84509,92226,80102,118757,42351,77865,57288,86574,84974,36772,65925,56799,37685,39310,49808,135349,176774,96751,81546,49031,122390,64870,87730,86715,95140,95051,134919,128990,116170,96737,123637,87567,52073,35110,87324,87352,92213,54542,92320,86546,105608,87449,58537,67713,90217,45883,185954,67153,96341,88782,51895,84586,36941,54281,89854,98593,3908,98188,166272,139582,87963,142972,85100,29306,181847,85606,98191,87730,0,54642,87457,89759,44870,105126,51350,174066,84164,88509,82810,46636,82810,24720,82511,81992,58086,83680,82985,95288,84186,63414,94730,67649,32557,69317,79291,88317,78450,87476,43613
131234,145652,91632,51679,131363,99826,33937,46878,106933,52124,44131,37736,25599,66443,18442,131644,4279,32375,30606,90989,12056,24398,25283,57341,103155,108175,130736,42201,133896,93291,76852,114911,33127,126959,131881,40676,112707,98625,65718,42272,93880,33056,101671,89720,124865,141455,41458,6459,55928,32354,160227,128744,9394,21803,35577,47869,148910,22512,150753,34257,100611,30225,90802,31738,35500,88528,51365,44342,114795,86227,35891,106534,30800,32044,144171,31427,88746,33127,54642,0,141802,127345,96606,159705,100839,129323,29843,34202,41894,75628,41894,42770,27993,136007,106164,29205,37435,132322,30475,14693,131743,21070,62233,27073,25645,33734,132243,32882,59357
79320,4086,52327,91091,81576,68819,174665,187985,154592,136088,163879,178949,167379,203138,127306,12595,144100,173066,171629,50814,153309,138650,121205,101451,39526,197010,253378,183534,21209,75441,201317,55860,174651,68128,79447,181618,191710,194566,199162,184048,189447,174349,60829,53369,75131,4027,176428,141996,168147,173032,20425,65421,144579,151802,177245,122797,252634,150893,9041,175574,63569,171238,51081,133062,176447,151829,91035,185637,248820,224571,173098,212469,171693,115331,249474,172094,150943,174651,87457,141802,0,75673,47956,19020,61426,249459,170786,175071,162711,88662,162711,107228,169338,7611,63926,170451,165183,78786,170374,148829,78642,151965,98681,151872,165546,175198,12050,174381,103661
5017,78685,58270,94595,6734,113712,152098,164556,88515,94403,127684,156889,150147,171011,108949,64903,127393,150668,150109,69982,139073,111634,102063,70287,60789,137833,204280,161267,54466,116045,159405,110916,154095,7546,5548,158546,129562,138793,164350,165367,134439,153101,106519,79134,2505,71925,146902,130930,126501,150616,92962,10467,124971,125929,157025,135622,193526,124481,81193,154235,108705,149755,67548,103228,154075,92646,93278,169242,209228,192252,146290,158521,149894,116110,191324,149804,91588,154095,89759,127345,75673,0,55793,90633,106519,199104,149226,152724,127504,51747,127504,114238,148924,68787,113084,149621,133280,5554,147155,126632,5017,126549,119272,123030,143217,154361,65208,153768,69053
60789,52034,5013,49407,62448,58093,128366,141710,113472,88474,115949,132816,122118,155696,80781,36254,98418,126775,125488,14265,108493,91106,74345,53671,9473,151590,205623,137427,37296,60256,153364,57478,128761,50255,61273,135325,147452,148249,151449,138739,143026,128309,51224,23370,53823,46616,129067,97745,120250,126737,68103,49725,98280,104597,131472,88026,206549,103604,56930,129535,53249,125098,11960,85225,130214,107585,48769,140928,200961,177239,126058,165560,125497,74175,203163,125808,106800,128761,44870,96606,47956,55793,0,66924,51141,201826,124623,128821,114807,42851,114807,68499,123387,41084,58040,124432,117486,61088,123886,102140,60632,104825,67558,104320,119144,129257,36866,128475,56135
93752,14934,71217,108505,96023,79712,192851,206142,172480,155107,182786,197069,185220,221754,145673,31398,162149,191253,189764,68883,171049,157357,139694,120466,58322,215692,272398,201636,37427,87039,220285,64403,192691,83154,93786,199791,210162,213415,217915,201863,208316,192443,72325,70360,90437,21140,195026,159607,187149,191220,2583,80179,162828,170359,195239,137880,271412,169485,10388,193666,74933,189374,69389,151910,194608,170354,108579,203238,267654,243125,191566,231406,189848,132275,268298,190281,169451,192691,105126,159705,19020,90633,66924,0,73046,268477,188931,193239,181594,107572,181594,123660,187411,26351,73862,188546,183942,93050,188637,167202,92991,170497,113364,170571,183786,193255,30817,192428,122680
111459,63691,49880,51884,113234,7821,134637,147161,156227,117588,135529,138100,124570,167115,92366,58942,104324,133106,131228,37707,110331,107680,88556,85990,45936,185650,227692,142353,69078,14078,173160,14072,133243,100451,111905,141182,184240,179836,165521,140435,174471,133447,859,28939,104676,63671,141204,98639,143649,133088,72359,99426,106813,117393,135328,67684,237159,117050,67975,134598,2331,130858,40282,105615,136084,146152,52953,140423,215302,187051,136276,194252,131478,69297,233105,132174,145592,133243,51350,100839,61426,106519,51141,73046,0,225167,130514,134844,133748,84721,133748,58888,128448,60237,7482,129714,133254,111644,131313,112200,111223,117185,43246,119712,126471,133921,59265,133042,89968
200090,253543,197909,173285,198740,225836,101400,94679,116951,113381,89639,100654,114066,69829,133151,237191,125142,102395,104596,203344,124557,117501,136612,148159,210902,65964,6756,98608,234159,220210,52595,238889,105179,203511,200578,97647,77896,61282,66023,106118,65037,103985,225926,206119,197418,247613,88525,134025,82312,102376,269803,206618,121144,109149,104902,176525,37346,109162,258255,103334,225475,104829,201983,120017,101025,107002,172225,110882,40259,63563,94791,41332,104066,160404,32933,103011,108082,105179,174066,129323,249459,199104,201826,268477,225167,0,104884,101637,91447,161502,91447,170910,107541,242209,231510,106333,92827,201393,102176,115423,200973,109567,190919,105912,106001,104435,237787,105172,145801
152608,174693,119730,81408,152399,129218,4127,17211,110745,60864,35033,8193,9499,37799,43863,160256,26878,2664,890,120065,20830,37612,50488,79442,131721,97609,105358,12804,161731,122465,54353,144579,5008,149917,153245,10886,105113,86688,39035,16443,82918,3879,131351,119273,146825,170247,18015,32098,46565,2662,189538,152062,26343,23541,7907,72785,129195,25086,179785,5050,130216,532,119705,46179,5690,91475,81016,21441,86028,56592,11671,89325,965,61335,124187,1883,92026,5008,84164,29843,170786,149226,124623,188931,130514,104884,0,4361,33269,98060,33269,71973,2666,164754,135664,1605,25075,153790,3866,23011,153224,22822,90719,27706,6016,5156,160861,4677,80224
156041,178983,123938,85766,155793,133511,727,12916,112077,63330,35775,4173,12445,33840,48042,164503,31227,2086,3616,124367,24971,41104,54606,83143,135970,96863,101928,8710,165895,126731,51793,148907,4070,153540,156676,6552,104795,85799,35639,13957,82228,2485,135682,123616,150336,174512,16550,36363,46783,2133,193854,155724,30554,26815,5865,76668,126749,28300,184073,2503,134536,3987,123990,49536,1399,92824,85370,19599,81929,52302,10942,87494,3412,65640,121707,3028,93415,4070,88509,34202,175071,152724,128821,193239,134844,101637,4361,0,34196,101726,34196,76262,6506,169014,139969,5207,25908,157233,5615,26966,156669,26176,94921,30455,9773,3529,165109,3913,83800
130173,166774,110388,81866,129577,134407,33475,41754,77947,33394,2247,37419,40821,43536,41812,151019,37673,32825,33829,114077,42620,26069,45208,62638,123279,67240,93979,40399,150069,128888,39620,147521,37671,129573,130781,37361,73276,57152,37479,47944,52657,36031,134512,115853,125274,161413,21183,47896,14501,32766,182629,132152,32602,20094,40037,89438,107558,19454,171714,36617,134034,33686,113023,29754,35053,58724,80838,53772,86185,64973,23751,64815,33273,70247,102942,32466,59349,37671,82810,41894,162711,127504,114807,181594,133748,91447,33269,34196,0,79658,0,80395,34944,155886,140063,34642,8288,131435,29511,27235,130899,20860,100496,15235,29041,37424,151629,37385,61698
55611,92711,40244,50788,55787,89694,101127,113909,72044,48927,80281,105898,98534,122862,57213,76174,75648,99650,98949,49917,87328,60704,50348,18655,52323,108855,165748,110366,72665,88551,115645,94918,102849,51883,56258,107752,104611,105945,117135,114007,100802,101939,85133,56806,49278,86503,97457,79378,81957,99600,109086,54003,73318,75112,105768,89840,164123,73743,97235,103100,86264,98585,47676,52698,103099,64787,49146,117693,164829,144475,96092,123841,98772,67741,160877,98756,64023,102849,46636,75628,88662,51747,42851,107572,84721,161502,98060,101726,79658,0,79658,68443,97601,81221,92203,98360,84301,56694,96224,75236,56115,75655,79157,72839,92084,103156,76755,102526,18184
130173,166774,110388,81866,129577,134407,33475,41754,77947,33394,2247,37419,40821,43536,41812,151019,37673,32825,33829,114077,42620,26069,45208,62638,123279,67240,93979,40399,150069,128888,39620,147521,37671,129573,130781,37361,73276,57152,37479,47944,52657,36031,134512,115853,125274,161413,21183,47896,14501,32766,182629,132152,32602,20094,40037,89438,107558,19454,171714,36617,134034,33686,113023,29754,35053,58724,80838,53772,86185,64973,23751,64815,33273,70247,102942,32466,59349,37671,82810,41894,162711,127504,114807,181594,133748,91447,33269,34196,0,79658,0,80395,34944,155886,140063,34642,8288,131435,29511,27235,130899,20860,100496,15235,29041,37424,151629,37385,61698
118951,110731,63693,19845,119807,57249,76098,88391,125648,74839,82452,79381,65710,109170,39225,98970,46603,74600,72652,58297,51532,55486,38549,56526,72123,141197,172722,83565,104076,50549,118324,72886,74480,111374,119569,82504,142925,133244,108406,81561,128057,74756,59738,53908,111784,107722,84066,39913,92601,74587,123768,112152,49956,61763,76498,21551,187548,61793,115763,75886,58429,72290,59095,56842,77464,110357,21020,81717,157543,128562,78648,144459,72938,10727,183061,73689,110171,74480,24720,42770,107228,114238,68499,123660,58888,170910,71973,76262,80395,68443,80395,0,69808,102623,63739,71089,78091,119747,73061,55629,119184,61348,20101,65332,68310,75171,99522,74289,60593
152370,173229,118473,79655,152201,127056,6467,18885,112066,61521,36787,9743,6898,40276,42729,158904,25263,5200,3013,118575,18465,37454,49458,78956,130368,99853,107996,14241,160552,120254,57003,142507,5390,149482,153009,12740,107203,88983,41670,16447,85151,5064,129289,117618,146510,168852,20568,29897,48505,5210,187989,151583,25205,23718,8224,70254,131827,25302,178324,6272,128121,2731,118262,46125,7657,92801,79306,20891,88425,58773,14151,91862,3488,59206,126822,4530,93328,5390,82511,27993,169338,148924,123387,187411,128448,107541,2666,6506,34944,97601,34944,69808,0,163369,133530,1301,26856,153543,6151,22374,152974,22928,88418,28298,6392,5873,159508,5094,79878
72589,11543,45623,85821,74831,67877,168592,181930,146989,128867,157014,172933,161605,196636,121113,5048,138178,166995,165604,45220,147632,132079,114896,94327,33084,189459,246181,177529,14641,74017,194326,56396,168705,61257,72745,175553,184115,187084,192504,178278,181977,168357,59721,48759,68140,5540,169959,136436,161065,166960,27913,58655,138479,145391,171336,119005,245118,144446,16049,169584,62476,165213,45219,126306,170397,144242,85659,180031,242045,218127,166764,205055,165651,110332,241979,166024,143354,168705,81992,136007,7611,68787,41084,26351,60237,242209,164754,169014,155886,81221,155886,102623,163369,0,63574,164463,158532,72112,164237,142607,71942,145580,95257,145301,159433,169237,4475,168430,96441
117994,65796,57013,58304,119812,6900,139790,152128,163697,124650,141883,143119,129408,172573,98490,62807,109767,138278,136356,44880,115269,114014,94940,93334,52325,192792,233924,147299,73496,14722,179354,10346,138218,106864,118424,146238,191514,186850,171242,145037,181488,138491,7100,36258,111298,66522,146886,103645,150242,138263,72925,105718,112477,123327,140217,70567,244026,123043,69756,139624,6251,135991,47455,112240,141183,153535,59462,144767,220858,192253,141812,201058,136629,74330,239931,137358,152982,138218,58086,106164,63926,113084,58040,73862,7482,231510,135664,139969,140063,92203,140063,63739,133530,63574,0,134808,139315,118137,136614,117942,117729,123083,46716,125844,131806,138910,63074,138028,97336
153041,174348,119525,80851,152855,128337,5170,17683,111981,61777,36439,8547,7924,38981,43731,159987,26410,3947,1744,119700,19763,38074,50425,79723,131451,99179,106760,13090,161579,121542,55908,143774,4492,150233,153679,11490,106642,88269,40434,15817,84485,3898,130554,118789,147213,169949,19618,31181,48042,3962,189132,152352,26197,24177,7409,71544,130767,25745,179441,5123,129392,1513,119373,46704,6375,92712,80490,20529,87124,57486,13275,90928,2274,60481,125756,3358,93252,4492,83680,29205,170451,149621,124432,188546,129714,106333,1605,5207,34642,98360,34642,71089,1301,164463,134808,0,26486,154217,5408,23176,153650,23418,89715,28569,6655,4867,160592,4172,80588
136135,169222,112914,81565,135634,133431,25187,33846,86218,40052,9958,29156,32958,38677,40899,153739,33157,24552,25608,115772,36259,26681,45390,66620,125661,74036,94798,32243,153395,127573,40265,147173,29405,135010,136752,29201,80697,63568,33978,39670,59346,27757,134041,116909,131001,164071,13818,42976,21780,24492,184874,137488,28620,16335,31750,85304,111514,16356,174216,28331,133397,25478,114888,32454,26769,66983,80682,45485,83861,60350,15538,69417,25042,67630,106752,24213,67598,29405,82985,37435,165183,133280,117486,183942,133254,92827,25075,25908,8288,84301,8288,78091,26856,158532,139315,26486,0,137381,21283,22920,136836,16804,98127,13678,21167,29146,154350,29121,66151
1309,81629,63673,100120,3155,118892,156599,168955,89375,98197,131546,161391,154899,174885,113903,68441,132286,155185,154671,75309,143996,116179,107043,75133,65814,139387,206675,165739,57609,121342,162632,115746,158682,11472,869,162991,130741,140777,168079,169990,136544,157661,111628,84450,7965,74954,151058,136002,129968,155132,95436,13532,129762,130421,161614,141144,194833,128955,83871,158785,113846,154320,72894,107702,158576,94605,98797,173948,212429,196026,150603,160602,154443,121534,192762,154330,93536,158682,95288,132322,78786,5554,61088,93050,111644,201393,153790,157233,131435,56694,131435,119747,153543,72112,118137,154217,137381,0,151649,131298,581,131060,124822,127385,147776,158933,68712,158354,73736
150456,174307,119029,81620,150200,130241,4955,17935,107141,57819,31239,9745,13009,36176,43138,159686,27122,3669,4326,119754,22693,35558,49568,77665,131167,93773,102834,14143,160880,123608,51181,145386,8261,148013,151090,11606,101248,82872,36619,19354,79078,6719,132145,119257,144770,169745,14508,33433,42711,3610,189295,150214,25809,21229,10906,74906,125890,22701,179390,7570,131082,4218,119312,43947,6930,87873,81150,24723,84551,55776,8033,85751,3762,62364,120902,3040,88438,8261,84186,30475,170374,147155,123886,188637,131313,102176,3866,5615,29511,96224,29511,73061,6151,164237,136614,5408,21283,151649,0,21794,151086,20611,92114,24858,4899,8141,160293,7955,78264
130136,152785,97301,61277,130010,111840,26445,39712,96252,42559,29477,31088,23912,55361,21530,138021,10445,24885,23900,98355,17674,15773,27797,56587,109525,93903,117111,35673,139095,105675,62838,126231,27667,127118,130776,33348,98922,84160,53322,38773,79496,26863,113010,98283,124209,148125,29023,20678,41404,24842,167917,129210,5727,7154,30569,62487,134271,8068,157857,28057,112173,23523,97822,24540,28365,77342,60631,42680,103196,76222,24556,91843,23795,45028,129552,23940,77681,27667,63414,14693,148829,126632,102140,167202,112200,115423,23011,26966,27235,75236,27235,55629,22374,142607,117942,23176,22920,131298,21794,0,130727,6382,75541,12783,17193,28015,138629,27348,57580
924,81507,63193,99561,3068,118461,156035,168396,89069,97668,131015,160828,154326,174354,113325,68243,131708,154621,154104,74847,143418,115613,106463,74556,65408,139025,206247,165177,57457,120888,162142,115375,158115,11153,804,162430,130411,140380,167556,169421,136136,157095,111210,83991,7406,74820,150511,135422,129461,154568,95370,13318,129187,129858,161047,140584,194495,128393,83780,158219,113422,153754,72427,107139,158013,94206,98236,173377,211941,195501,150048,160198,153877,120960,192412,153765,93138,158115,94730,131743,78642,5017,60632,92991,111223,200973,153224,156669,130899,56115,130899,119184,152974,71942,117729,153650,136836,581,151086,130727,0,130496,124289,126828,147210,158367,68519,157787,73164
129870,155955,100069,65832,129633,117086,25549,38273,91735,39130,23103,30340,26156,51359,25308,140913,16826,24125,23690,101802,22945,14957,30817,57140,112517,87673,111411,34744,141493,111077,56977,131173,27792,127413,130505,32097,92910,77850,48546,39219,73221,26664,117985,102206,124162,151113,24649,27039,35086,24072,171292,129630,11919,976,30716,68815,127953,2525,161005,27760,117239,23354,101133,23377,27527,72655,65074,43807,98627,72629,21247,85477,23425,50846,123250,23273,73054,27792,67649,21070,151965,126549,104825,170497,117185,109567,22822,26176,20860,75655,20860,61348,22928,145580,123083,23418,16804,131060,20611,6382,130496,0,81355,6934,16820,27978,141524,27461,57661
124201,101768,63408,28794,125379,39886,94819,106614,142151,93438,102550,97778,83746,128290,59197,92344,66218,93375,91343,54715,69962,75473,57984,70827,68530,160613,192648,101766,99457,32462,138325,56613,92804,115264,124782,100965,161844,152924,127945,98885,147698,93241,44100,47736,116937,99874,103682,58690,112620,93366,113098,115472,69838,81792,94598,24668,207584,81856,106592,94321,42245,90996,56304,76366,96054,127905,30505,98305,176658,147124,98081,164471,91678,30518,203116,92496,127631,92804,32557,62233,98681,119272,67558,113364,43246,190919,90719,94921,100496,79157,100496,20101,88418,95257,46716,89715,98127,124822,92114,75541,124289,81355,0,85430,87471,93523,92834,92642,75102
126171,155898,99682,67954,125832,120033,29768,41593,85016,33223,17403,34500,32341,51395,27356,140547,22965,28519,28518,102239,29871,13223,31713,54643,112348,81175,108112,38620,140541,114305,53527,133601,32706,124257,126800,35763,86148,71552,47413,44099,66823,31382,120493,103258,120682,150841,24956,33296,28878,28461,171465,126590,17683,5968,35560,74287,122792,4727,160910,32365,119891,28227,101402,20165,31711,65885,67047,49096,97436,73000,23297,80021,28149,55090,118173,27780,66306,32706,69317,27073,151872,123030,104320,170571,119712,105912,27706,30455,15235,72839,15235,65332,28298,145301,125844,28569,13678,127385,24858,12783,126828,6934,85430,0,21934,32769,141158,32376,54676
146593,169474,114275,76721,146384,125452,9258,22574,105779,55154,30979,13907,11797,40866,38369,154897,22234,7692,6894,114903,18561,31597,44873,73475,126371,94865,106848,18481,156182,118858,54476,140543,10972,143930,147230,16193,101830,84161,40849,22405,80153,9885,127302,114367,140817,164938,17609,28850,42944,7649,184435,146086,20967,17555,13897,70720,128821,19113,174558,11024,126254,6547,114477,40165,11172,86520,76251,27178,89246,60650,11213,88091,6689,57600,123877,6749,87035,10972,79291,25645,165546,143217,119144,183786,126471,106001,6016,9773,29041,92084,29041,68310,6392,159433,131806,6655,21167,147776,4899,17193,147210,16820,87471,21934,0,11169,155503,10641,74224
157752,179086,124345,85413,157548,132393,4160,13244,115206,65864,39061,4264,10066,36002,48582,164775,31108,4605,4292,124429,23649,42758,55288,84528,136240,100392,104580,8480,166418,125513,55015,147968,760,155021,158389,7488,108305,89327,38415,11331,85756,1423,134764,123418,151957,174719,20074,35285,50205,4665,193824,157154,31051,28694,2793,74676,129977,30235,184182,1143,133555,4624,124125,51334,3520,95942,85086,16582,83732,53608,14425,90917,4621,64632,124922,5103,96517,760,88317,33734,175198,154361,129257,193255,133921,104435,5156,3529,37424,103156,37424,75171,5873,169237,138910,4867,29146,158933,8141,28015,158367,27978,93523,32769,11169,0,165379,882,85346
69138,16015,41485,82380,71364,67002,164679,178022,142614,124459,152740,169046,157841,192516,117158,611,134350,163083,161715,41716,143923,127939,110886,89959,29141,184987,241776,173647,12002,72826,189998,56473,164854,57705,69320,171641,179660,182611,188314,174512,177505,164484,58801,45824,64467,9839,165858,132792,156705,163047,32388,55204,134561,141321,167503,116335,240643,140360,20492,165711,61545,161324,41556,122083,166495,139781,82161,176347,237801,214031,162726,200592,161753,107006,237505,162113,138895,164854,78450,132243,12050,65208,36866,30817,59265,237787,160861,165109,151629,76755,151629,99522,159508,4475,63074,160592,154350,68712,160293,138629,68519,141524,92834,141158,155503,165379,0,164576,92037
157175,178267,123559,84561,156981,131511,4459,14121,115091,65516,39057,5141,9220,36830,47823,163973,30285,4596,3861,123607,22766,42192,54545,83892,135438,100682,105346,9346,165644,124631,55619,147088,332,154398,157813,8360,108515,89642,39149,11772,86034,1472,133885,122575,151361,173910,20427,34405,50303,4654,192993,156520,30297,28193,3262,73819,130581,29746,183363,1847,132675,4152,123310,50794,4166,95824,84239,16829,84595,54488,14626,91405,4283,63753,125532,4933,96391,332,87476,32882,174381,153768,128475,192428,133042,105172,4677,3913,37385,102526,37385,74289,5094,168430,138028,4172,29121,158354,7955,27348,157787,27461,92642,32376,10641,882,164576,0,84742
72584,107745,52468,46509,72516,93663,83188,95863,67850,32428,62416,87972,81173,104753,40988,91438,58892,81733,81109,59616,70681,42706,34467,4305,65368,97075,149740,92404,89171,91015,98491,101777,85068,69752,73226,89748,94578,92750,99168,96318,87453,84102,90521,64581,66634,101873,79274,63739,64916,81682,124003,71994,56091,57088,87996,80926,151047,55690,112480,85247,91135,80751,57824,34558,85164,56209,44798,100213,147295,126387,77946,109554,80909,57281,147491,80853,55676,85068,43613,59357,103661,69053,56135,122680,89968,145801,80224,83800,61698,18184,61698,60593,79878,96441,97336,80588,66151,73736,78264,57580,73164,57661,75102,54676,74224,85346,92037,84742,0
