0,70558,77504,24684,85291,44731,32274,62717,17945,34431,68787,81304,17405,40244,41790,45357,78729,41030,81293,30696,30531,53663,69067,74203,73629,78989,72034,77733,78543,30909,23136,13240,17127,92552,51257,28627,6426,22974,41293,80026,56861,51320,69779,37584,22611,84422,20572,5420,31773,31088,80212,64300,54077,71708,36014,37116,17539,46496,85819,20802,46209,26674,20182,87584,63787,25477,55295,20887,44164,6677,90587,30317,49302,7367,43902,24175,38004,74180,78542,17003,31063,47091,39597,48219,79678,31712,18807,30861,71865,87330,44291,46142,26608,79064,53479,30895,51320,72551,20605
70558,0,18719,73172,23200,71916,76623,36166,86849,73970,62049,108830,61019,68066,35690,34615,106735,76458,101312,88688,86231,83522,64185,87782,112270,107615,5613,61592,110296,80298,67044,69779,86532,81085,20906,43326,65098,47638,72728,110960,84589,21783,85172,47397,60581,57797,90522,65158,63893,39477,115173,77309,44682,71270,49306,72968,88095,33449,95878,69799,32168,66323,59520,20370,72953,77771,28630,53114,73616,70800,80367,48376,90942,67604,72892,46947,81855,111013,110312,54726,64627,33711,34127,78494,44332,61163,54198,39773,37448,91308,40784,76594,62760,108309,116831,80814,21783,70269,51599
77504,18719,0,85193,7794,67279,89759,25639,91773,72247,80398,125821,64489,83030,50080,50022,123627,73136,118846,89633,86804,99362,82493,105516,128011,124462,23824,80286,126858,80004,68254,73517,91760,99804,27021,48879,71381,55896,87599,127631,77925,26509,102674,46305,72435,76426,98063,72377,62772,48023,131463,94736,37198,89523,48429,70469,94685,49046,114039,71581,47480,66578,62360,12672,90544,89560,46020,57567,69242,76150,99080,50170,105489,72997,68542,56186,79839,126964,126873,60591,78188,49515,47033,93978,27558,74896,64002,48715,22736,109725,38387,91922,63215,125105,127704,80578,26509,88602,57054
24684,73172,85193,0,92591,68401,7653,77104,37345,58798,50023,56762,39223,17970,37979,40166,54179,65379,56651,54296,54623,29036,49702,50262,50380,54483,72740,60016,54312,55575,46940,37715,35934,71807,58351,40944,28153,31579,17516,55739,81204,59188,45846,55495,12765,68662,28655,24466,54688,38057,56471,41210,71286,50700,54556,61279,31059,41475,61796,45128,42170,50246,41607,92765,41599,4687,49612,38386,68080,31345,69735,47692,25504,31268,67742,30107,62686,50581,54313,33373,11510,41623,39066,23794,94404,14516,22525,37140,85813,64033,60136,21866,49359,54605,43874,55545,59188,51884,36176
85291,23200,7794,92591,0,73969,96972,31709,99541,79445,85195,131783,72234,89779,56848,56496,129644,80050,124449,97116,94253,105842,87344,110958,134560,130504,27425,84277,133051,87369,75834,81258,99538,103461,34643,56668,79174,63599,94386,133769,84017,34214,108293,53786,79825,79543,105847,80155,70116,55674,137787,100404,43698,94442,55915,77550,102480,55451,119063,79199,53964,74069,70079,8037,96092,97001,51625,65353,75972,83938,102874,57872,112400,80788,75283,63819,86947,133430,133066,68384,85285,55852,54108,100580,29686,81945,71612,56338,26997,114397,45812,98574,70744,131176,135304,87948,34214,93415,64848
44731,71916,67279,68401,73969,0,76029,42463,44891,11811,101830,125000,29456,80624,64223,67772,122414,7373,123656,30744,27611,96379,102871,114607,118278,122772,76280,108369,122713,20460,21612,31668,45942,126534,52357,38956,40264,45303,83003,124137,14519,50938,110314,25512,61432,111525,58420,43937,14115,47049,124715,103624,30297,107505,24103,8489,52684,68211,126082,24145,66828,18174,27474,79911,101838,69965,74509,33402,2110,38357,124857,28820,93709,37492,1582,48357,15567,118732,122714,37548,71287,69105,59203,90515,53548,70366,51137,47994,49549,125996,31146,88246,19312,122936,94024,20994,50938,107799,36575
32274,76623,89759,7653,96972,76029,0,83257,43991,66448,46344,49111,46790,13995,40961,42561,46529,73030,49202,61501,61957,21673,45718,43481,43057,46831,75672,56599,46692,63126,54587,45352,42532,66736,63265,47406,35795,37912,11802,48108,88856,64255,39104,62491,18093,65947,33822,32102,62274,43709,48972,35166,78017,45793,61651,68931,37051,43839,54896,52777,44802,57882,49132,96599,36173,8042,51324,45599,75723,38946,64631,54719,18139,38919,75381,36094,70275,43139,46693,40604,12087,43834,42915,16821,100486,15603,28920,42707,91796,57610,66751,15162,56946,46954,42275,63083,64255,47144,43237
62717,36166,25639,77104,31709,42463,83257,0,73707,49018,87805,126317,46722,80473,50403,52218,123890,48851,121304,67827,64789,97777,89577,109130,125127,124568,41626,90608,126094,57543,47747,55240,74030,110457,25449,36278,56291,45526,84541,127147,52365,23642,105559,25993,65171,89648,82765,58392,40517,39773,129850,97702,12220,96002,27976,46771,78386,51790,119209,51399,49996,45284,44109,38256,94258,80795,53200,41858,44505,59511,109306,32478,100807,56667,43834,47164,56157,124620,126104,46226,73306,52576,45555,91854,17323,70620,54579,40856,9155,116444,18487,89567,42370,125048,115850,58141,23642,95547,42698
17945,86849,91773,37345,99541,44891,43991,73707,0,33092,85370,90723,27412,54899,59683,63279,88229,38882,92602,19205,20844,65493,85442,87447,80291,88295,88797,94696,86984,25490,26836,18525,1516,108457,66707,43698,22026,40006,54862,88583,53414,66471,83053,47716,39406,101866,14495,23034,35792,47797,87513,78544,63288,87386,45738,36402,8705,64405,98887,23133,64072,30108,29797,102670,78729,36032,73182,34306,43565,16050,106431,41969,58092,19245,43595,41636,32725,81410,86978,32125,46464,65013,57268,60804,89683,47859,36746,47760,82749,101370,55464,59042,32107,88190,49421,25129,66471,88404,35341
34431,73970,72247,58798,79445,11811,66448,49018,33092,0,96163,115559,21517,72402,60330,64069,112977,6599,114917,19838,16658,87388,96992,106652,108001,113274,77732,103494,112943,9195,12318,21192,34163,120838,53372,35529,30831,39707,74340,114413,22435,52260,102286,26672,53256,107704,46755,34533,10110,43367,114637,95992,36948,101068,24691,3334,40981,64711,118234,13675,63544,9971,20395,84609,94621,59903,71938,27659,10509,27826,119057,26632,83730,27530,10505,42719,7890,108597,112942,30737,62970,65570,55725,81676,62251,62494,43879,44119,57082,118740,34094,79471,12914,113380,82312,9783,52260,101537,30825
68787,62049,80398,50023,85195,101830,46344,87805,85370,96163,0,50766,74789,32459,39000,36236,49232,101931,41294,99130,98454,35308,2251,27492,59659,50260,57927,10350,54053,96726,84132,78579,84136,24718,62363,63245,68336,56676,34913,54182,116298,64163,26298,79228,46205,20719,78625,65292,88170,55337,59808,20069,89082,9356,79685,97433,80454,36387,33971,84200,38148,86205,75774,81025,15470,53418,35142,68775,102437,74179,23030,73515,47997,72371,101858,53620,102479,57533,54076,65434,39229,35535,44315,34221,102033,37517,52789,54276,93536,29344,78684,34096,83631,51138,85260,96926,64163,8220,65563
81304,108830,125821,56762,131783,125000,49111,126317,90723,115559,50766,0,95607,46282,76839,76112,2586,122141,11195,109369,110206,29124,48566,23603,16675,2460,105689,57720,6217,111993,103659,94447,89207,51286,102625,93013,84859,83727,42816,5018,137964,104108,24547,109278,64410,68316,77770,81155,111105,87227,11522,31880,123502,42115,108790,118026,82587,76968,24187,101887,78632,106903,97806,128899,36530,55995,80206,93415,124762,87981,49649,101778,32645,88029,124402,81196,119238,13958,6242,88570,54763,76423,81143,35172,142735,56680,75546,86078,133878,32056,112099,37517,105791,2887,61436,111914,104108,43839,90689
17405,61019,64489,39223,72234,29456,46790,46722,27412,21517,74789,95607,0,51295,40318,44130,93022,27669,94221,28485,26558,66924,75563,85437,89473,93400,63664,82390,93466,22644,9343,9031,27552,99422,40307,17983,11588,18952,53562,94862,43058,39827,81104,20878,32083,87162,36255,15005,15502,24421,95688,74635,37170,79557,19093,23235,31676,44940,96978,10051,44012,11754,2794,75665,73154,41216,52891,8144,29396,12893,97620,14567,64691,10359,28972,21811,27737,89772,93468,9468,41910,45745,36269,61061,63239,41183,22365,24873,55849,97295,28288,58795,10185,93584,70643,22967,39827,80041,10649
40244,68066,83030,17970,89779,80624,13995,80473,54899,72402,32459,46282,51295,0,32956,33467,43774,78800,43232,70830,70774,17330,31955,34273,45193,44370,66298,42660,45642,70670,60114,52219,53538,53844,57862,46755,41862,37558,4671,46737,94344,59164,29891,63128,19212,51954,46577,38269,66520,41023,49431,24057,77228,32732,62744,74442,48988,34618,45882,59076,35951,62996,53151,88400,23835,21000,40798,47890,80672,46544,51777,55755,22930,45617,80228,34951,77361,44402,45651,43268,9435,34372,36344,11383,97228,10505,29805,39884,88381,47086,65821,9119,61328,44777,55223,70733,59164,33916,44981
41790,35690,50080,37979,56848,64223,40961,50403,59683,60330,39000,76839,40318,32956,0,3816,74515,65411,71102,68031,66515,49431,40458,58733,77975,75278,34812,44354,77320,62945,49244,46725,58915,63249,25825,25285,38256,21466,37545,78205,78733,27375,55218,40471,25868,47450,59323,36663,51282,17194,81676,47325,50292,46322,41110,60990,58329,4765,68875,50359,4517,50499,40439,55818,43863,42650,13505,32853,65092,44702,61755,35428,55575,41929,64459,18895,67477,77001,77333,31070,28939,5483,5315,43934,66161,25473,23033,16309,57341,66511,39702,41853,47421,75849,81851,63280,27375,46120,29836
45357,34615,50022,40166,56496,67772,42561,52218,63279,64069,36236,76112,44130,33467,3816,0,73847,69091,69899,71835,70328,49364,37810,57205,78066,74647,33171,41072,76897,66753,53038,50523,62483,60207,27127,28891,41968,25281,38122,77712,82270,28799,53866,43732,28473,43799,62519,40287,54951,20823,81444,45915,52848,43938,44462,64683,61709,1310,67023,54172,2543,54259,44231,54934,42210,44853,10069,36636,68680,48417,58771,38955,56328,45673,68040,22694,71249,76964,76911,34885,30475,1734,8581,44092,67522,26960,26558,19985,58764,64293,42526,42115,51156,75257,83992,67090,28799,43615,33635
78729,106735,123627,54179,129644,122414,46529,123890,88229,112977,49232,2586,93022,43774,74515,73847,0,119558,11092,106846,107668,26580,47054,22399,15635,1071,103663,56493,5706,109428,101074,91867,86715,50920,100281,90489,82274,81190,40270,5164,135380,101752,22938,106735,61845,67187,75339,78570,108521,84744,11605,30032,121001,40757,106240,115442,80121,74719,24214,99306,76373,104318,95223,126849,34728,53432,78105,90846,122176,85406,49217,99226,30140,85447,121816,78671,116668,12858,5733,85996,52211,74187,78775,32630,140347,54153,72988,83597,131488,31933,109595,34975,103207,2041,59670,109350,101752,42517,88125
41030,76458,73136,65379,80050,7373,73030,48851,38882,6599,101931,122141,27669,78800,65411,69091,119558,0,121424,23598,20515,93919,102826,113022,114589,119859,80535,109015,119540,13688,18695,27791,40040,126638,56287,40267,37365,45292,80818,121008,15838,55017,108668,29174,59620,112860,52841,41072,14152,48277,121235,102288,36631,107068,27418,4499,47019,69658,124588,20268,68404,15924,26264,85687,100819,66502,76541,33181,5397,34420,124887,30704,90329,34114,5792,48337,8195,115193,119539,36649,69376,70534,60628,88185,60660,68808,49997,49110,56313,124964,35837,85969,18302,119968,88271,14169,55017,107488,36387
81293,101312,118846,56651,124449,123656,49202,121304,92602,114917,41294,11195,94221,43232,71102,69899,11092,121424,0,110629,111152,27630,39050,13828,26504,12084,97815,47401,16780,112202,102754,94124,91104,40092,96885,89559,84094,80602,40660,15992,137130,98469,16172,106103,62276,57767,80591,80399,109589,83139,22559,24121,119492,32237,105826,117158,84919,70623,13124,101350,72358,105807,96207,121083,28359,56809,72870,91120,123607,87921,38465,98869,35392,87561,123192,77866,119245,23726,16807,86468,52417,69992,75769,33241,137261,53708,73037,81976,128442,20901,108179,35459,104345,13046,68774,112183,98469,33847,88210
30696,88688,89633,54296,97116,30744,61501,67827,19205,19838,99130,109369,28485,70830,68031,71835,106846,23598,110629,0,3180,83174,99524,104477,99396,106963,91712,107723,105843,10653,21697,21338,20683,123139,67787,46361,30946,46621,71547,107423,35913,67037,100053,43335,53177,113657,33590,33841,27320,52846,106560,94864,56053,102370,41208,22918,27890,72756,116052,18937,71988,23055,29421,101594,94467,53824,81014,36616,28933,24952,121193,40402,76735,26923,29213,49142,15825,100452,105837,37095,61739,73512,64388,78089,81846,62380,46995,53230,76257,117883,51309,76147,26452,106902,67371,10059,67037,103179,39044
30531,86231,86804,54623,94253,27611,61957,64789,20844,16658,98454,110206,26558,70774,66515,70328,107668,20515,111152,3180,0,83610,98917,104639,100620,107815,89365,106870,106825,7479,19189,20094,22264,122620,65325,44254,30121,45054,71697,108390,33289,64525,100213,40500,52753,112548,35335,33226,24314,50979,107709,94830,52969,101966,38378,19741,29539,71212,116241,16725,70382,20262,27261,98831,94275,54421,79350,34626,25824,24434,120697,37873,77619,26085,26088,47674,12905,101600,106821,35466,61572,71986,62712,78401,78706,62036,45998,51417,73175,117860,48442,76407,23726,107782,69646,6883,64525,102723,37193
53663,83522,99362,29036,105842,96379,21673,97777,65493,87388,35308,29124,66924,17330,49431,49364,26580,93919,27630,83174,83610,0,33778,22660,28751,27125,81165,45261,28319,84572,75285,66518,64015,49846,74833,63928,56558,54612,13693,29407,109671,76200,18534,80155,35353,55995,54325,52854,82378,58349,32293,17455,94503,30779,79668,89693,58175,50392,33654,73785,51903,78407,69020,103881,20702,29480,55277,64374,96250,60292,47730,72657,13108,59970,95856,52109,91621,27603,28329,59573,25647,49997,53246,6050,114469,27597,46442,57212,105615,37351,83091,8395,77093,27494,51161,84554,76200,32537,61607
69067,64185,82493,49702,87344,102871,45718,89577,85442,96992,2251,48566,75563,31955,40458,37810,47054,102826,39050,99524,98917,33778,0,25254,57657,48086,60104,11518,51913,97352,84902,79122,84185,23862,64150,64427,68824,57636,34146,52021,117314,65939,24131,80526,46457,22238,78348,65712,89139,56577,57690,18101,90648,7135,80934,98327,80333,38017,31775,84876,39790,87048,76620,83223,13597,52954,37094,69709,103438,74578,22066,74684,46595,72851,102867,54576,103206,55500,51936,66255,39123,37177,45764,33004,103937,37595,53439,55501,95409,27303,80159,33014,84535,48968,84069,97539,65939,6119,66498
74203,87782,105516,50262,110958,114607,43481,109130,87447,106652,27492,23603,85437,34273,58733,57205,22399,113022,13828,104477,104639,22660,25254,0,35319,23464,84166,34125,27718,104865,94351,86453,85998,30452,84322,78854,76125,70320,32943,27531,128490,85966,4426,95486,53402,44788,76839,72514,100493,71954,33683,11488,108082,18567,95397,108639,80464,57834,11625,93349,59601,97172,87180,107428,15050,51500,59496,81477,114744,80642,28503,88557,34308,79846,114278,67435,111617,32782,27743,77081,43706,57153,63621,26662,124726,44265,63491,70793,115955,14804,96910,28419,95373,24405,71452,104911,85966,20257,78428
73629,112270,128011,50380,134560,118278,43057,125127,80291,108001,59659,16675,89473,45193,77975,78066,15635,114589,26504,99396,100620,28751,57657,35319,0,14808,109855,68186,10487,103342,96670,86847,78786,65322,103049,90007,78129,80493,40810,11941,130382,104331,34317,105481,60518,79130,66460,74529,104840,85368,7602,39593,120752,52271,104687,110742,71768,79112,39491,94423,80601,100121,91927,132627,44257,48333,83963,88656,117780,80180,63489,97733,24919,80792,117501,78361,110750,2782,10463,83658,51831,78733,81534,34041,142105,54542,71682,84275,133288,46940,109395,36149,99525,13973,45651,103185,104331,54127,86276
78989,107615,124462,54483,130504,122772,46831,124568,88295,113274,50260,2460,93400,44370,75278,74647,1071,119859,12084,106963,107815,27125,48086,23464,14808,0,104569,57553,4696,109645,101402,92146,86780,51968,101028,91052,82602,81733,40800,4093,135686,102490,23963,107265,62323,68252,75319,78901,108901,85366,10554,31005,121597,41808,106751,115759,80147,75529,25208,99600,77176,104662,95619,127745,35710,53647,78985,91307,122517,85665,50270,99737,30231,85745,122162,79233,116902,12042,4723,86444,52725,75004,79507,33175,141059,54718,73484,84221,132200,32952,110188,35518,103583,978,59157,109563,102490,43571,88606
72034,5613,23824,72740,27425,76280,75672,41626,88797,77732,57927,105689,63664,66298,34812,33171,103663,80535,97815,91712,89365,81165,60104,84166,109855,104569,0,56875,107419,83685,70196,72233,88391,76184,24360,45745,66857,49067,70968,108015,89237,25527,81744,51371,60372,52613,91616,66615,67625,41045,112442,73966,49752,67226,53199,76905,89519,31924,91872,72776,30873,69715,62356,23267,69503,77394,25892,55620,77918,72774,75539,51682,89228,69604,77195,48040,85620,108485,107436,56782,63597,32041,34087,76364,49901,60092,54921,41188,43061,87035,45150,74563,66148,105293,116582,84184,25527,66138,53842
77733,61592,80286,60016,84277,108369,56599,90608,94696,103494,10350,57720,82390,42660,44354,41072,56493,109015,47401,107723,106870,45261,11518,34125,68186,57553,56875,0,61671,104693,91700,86842,93508,19881,65309,69444,76792,63789,45239,61594,122887,67161,34007,84791,55323,10975,88517,73932,95039,61376,67576,29050,93190,15928,85463,104533,90122,40910,37806,92061,42540,93526,83134,79286,24822,63545,37440,75874,109126,82828,18898,79682,58110,80826,108516,60777,110123,65899,61695,72938,48992,40009,49579,44488,103716,47018,60907,60396,95523,31461,83367,44423,90754,58481,95550,104929,67161,14088,72685
78543,110296,126858,54312,133051,122713,46692,126094,86984,112943,54053,6217,93466,45642,77320,76897,5706,119540,16780,105843,106825,28319,51913,27718,10487,4696,107419,61671,0,108963,101226,91762,85468,56602,102945,92021,82459,82612,41774,1665,135378,104357,27812,108044,62935,72446,73671,78777,108959,86638,5985,34439,122692,45832,107441,115517,78683,77829,29904,99274,79436,104556,95767,130516,39183,53078,81693,91775,122378,85200,54885,100431,29309,85455,122048,80217,116283,7817,27,86855,53551,77344,81367,34283,142751,55783,74156,85505,133894,37638,111279,36600,103632,3741,55656,108855,104357,47625,89167
30909,80298,80004,55575,87369,20460,63126,57543,25490,9195,96726,111993,22644,70670,62945,66753,109428,13688,112202,10653,7479,84572,97352,104865,103342,109645,83685,104693,108963,0,13925,18495,26735,121186,59442,39420,28934,41592,72067,110487,27980,58520,100452,33797,51969,109749,39743,32430,17255,46676,110233,94635,45635,100868,31699,12346,33882,67541,116489,12676,66566,13979,22657,92169,93708,55999,75344,30271,18799,24302,119321,32003,79654,25069,18987,44419,7451,104142,108960,32046,61291,68356,58780,79104,71262,61329,43937,47247,65834,117607,41621,77001,17546,109678,74900,602,58520,101500,33147
23136,67044,68254,46940,75834,21612,54587,47747,26836,12318,84132,103659,9343,60114,49244,53038,101074,18695,102754,21697,19189,75285,84902,94351,96670,101402,70196,91700,101226,13925,0,10306,27476,108762,46138,25504,18800,28088,62132,102668,34386,45354,89991,22198,40950,96328,38618,22505,9244,32783,103138,83675,36741,88853,20085,14409,33246,53786,105928,3729,52761,3631,8810,80051,82315,48371,61475,16429,21156,16890,106957,18708,72145,15880,20846,31018,18426,97143,101226,18763,50687,54614,44954,69521,63134,50177,31630,33381,56599,106427,30225,67296,5398,101538,74094,14339,45354,89354,19410
13240,69779,73517,37715,81258,31668,45352,55240,18525,21192,78579,94447,9031,52219,46725,50523,91867,27791,94124,21338,20094,66518,79122,86453,86847,92146,72233,86842,91762,18495,10306,0,18791,102910,49182,26500,10442,25388,53757,93237,43625,48763,82049,29251,33476,92457,28730,13952,19434,32083,93451,76153,45107,82465,27313,23898,23645,51463,98076,7580,50739,13935,11282,84684,75215,38711,59809,16665,31004,6697,101021,23494,62538,6608,30771,27830,25185,87417,91761,16022,42822,52208,43222,60924,71425,42836,25938,32342,64315,99115,36945,58774,14731,92238,63987,18601,48763,83134,18475
17127,86532,91760,35934,99538,45942,42532,74030,1516,34163,84136,89207,27552,53538,58915,62483,86715,40040,91104,20683,22264,64015,84185,85998,78786,86780,88391,93508,85468,26735,27476,18791,0,107147,66504,43488,21544,39488,53449,87067,54691,66310,81607,48039,38255,100761,13108,22327,36523,47359,86003,77141,63751,86065,46087,37459,7278,63623,97428,23803,63326,30818,30010,102555,77362,34562,72419,34223,44656,15778,105115,42119,56578,18982,44668,41027,34017,79900,85462,31839,45167,64217,56610,59349,90125,46619,35929,47286,83098,99947,55723,57599,32686,86674,48232,26390,66310,87096,35125
92552,81085,99804,71807,103461,126534,66736,110457,108457,120838,24718,51286,99422,53844,63249,60207,50920,126638,40092,123139,122620,49846,23862,30452,65322,51968,76184,19881,56602,121186,108762,102910,107147,0,85116,87866,92572,81393,54942,55996,141009,86963,32891,103676,69970,24636,100319,89394,112889,79902,62522,32551,112767,21116,104209,122139,102826,60180,27449,108730,61874,110888,100457,98073,30608,74490,57264,93490,127152,98227,2126,98141,62777,96589,126571,78337,127067,62668,56629,90101,61999,59293,68549,51479,123572,60875,77292,78862,115400,19493,102712,52302,108340,52946,100757,121367,86963,20057,90278
51257,20906,27021,58351,34643,52357,63265,25449,66707,53372,62363,102625,40307,57862,25825,27127,100281,56287,96885,67787,65325,74833,64150,84322,103049,101028,24360,65309,102945,59442,46138,49182,66504,85116,0,23016,45400,29024,62261,103877,65801,1863,80926,27120,45632,65000,71679,45979,43264,21034,107126,72995,28834,70636,28890,52583,68699,26575,94106,48912,24787,45463,38696,36332,69337,62650,27870,32568,53902,50726,83927,27480,79666,47524,53182,29177,61260,102247,102957,34722,52044,27319,21589,69134,40408,48916,36983,21699,31637,91107,21576,66947,41896,101580,100684,59952,1863,70141,31379
28627,43326,48879,40944,56668,38956,47406,36278,43698,35529,63245,93013,17983,46755,25285,28891,90489,40267,89559,46361,44254,63928,64427,78854,90007,91052,45745,69444,92021,39420,25504,26500,43488,87866,23016,0,22539,9519,50285,93218,53473,22866,74805,16632,29503,72689,49192,23557,26115,8095,95258,67462,30754,69527,16669,35903,45874,29410,89925,27530,28137,26020,16995,59173,64979,44534,36408,9881,39807,27711,86253,10275,65300,24509,39174,11819,43008,89749,92028,11768,38481,30292,20375,57882,53602,36335,18496,9048,45163,88856,19390,55540,22684,91418,80239,39843,22866,69643,8363
6426,65098,71381,28153,79174,40264,35795,56291,22026,30831,68336,84859,11588,41862,38256,41968,82274,37365,84094,30946,30121,56558,68824,76125,78129,82602,66857,76792,82459,28934,18800,10442,21544,92572,45400,22539,0,17983,43566,83891,53146,45365,71729,31236,23035,82779,26841,3708,26719,25817,84475,65745,47737,72057,29716,33181,23337,43018,87741,17278,42522,22097,14272,81674,64774,29802,51664,14466,39928,6450,90669,23904,53462,4037,39590,19737,35501,78512,82460,10790,32443,43691,35439,50854,73263,32396,16117,25745,65439,88691,37869,48661,21418,82741,59832,29043,45365,72749,14347
22974,47638,55896,31579,63599,45303,37912,45526,40006,39707,56676,83727,18952,37558,21466,25281,81190,45292,80602,46621,45054,54612,57636,70320,80493,81733,49067,63789,82612,41592,28088,25388,39488,81393,29024,9519,17983,0,40935,83828,59698,29389,66176,25571,19984,68243,42945,17557,31503,8185,85782,59044,40261,62207,25223,40798,40489,26158,81569,28953,25368,29743,19387,65221,56877,35328,34421,12112,45812,24215,79672,18282,55782,21187,45250,3060,46485,80250,82618,9607,29062,26932,17848,48561,62830,27074,9056,7887,54272,80959,28908,46217,26997,82079,72030,41907,29389,62498,8907
41293,72728,87599,17516,94386,83003,11802,84541,54862,74340,34913,42816,53562,4671,37545,38122,40270,80818,40660,71547,71697,13693,34146,32943,40810,40800,70968,45239,41774,72067,62132,53757,53449,54942,62261,50285,43566,40935,0,42943,96490,63527,28517,66467,21730,54956,45482,39896,68950,44918,45312,23711,80921,33993,65975,76526,48399,39279,44545,60844,40600,65154,55570,93056,24412,19602,45447,50734,82947,47788,52840,58964,18260,47157,82532,38469,78941,40130,41782,45972,11961,39039,40807,7652,101399,14011,32761,43795,92564,46525,69508,5315,63694,41144,51407,72093,63527,35356,47938
80026,110960,127631,55739,133769,124137,48108,127147,88583,114413,54182,5018,94862,46737,78205,77712,5164,121008,15992,107423,108390,29407,52021,27531,11941,4093,108015,61594,1665,110487,102668,93237,87067,55996,103877,93218,83891,83828,42943,0,136846,105305,27891,109290,64207,72315,75299,80205,110359,87755,6569,34744,123862,45816,108708,116972,80296,78627,29081,100741,80248,105985,97147,131147,39474,54572,82340,93088,123816,86687,54315,101695,30835,86914,123481,81407,117798,9338,1679,88179,54767,78127,82311,35407,143757,56941,75418,86618,134898,36893,112448,37734,105033,3131,57262,110382,105305,47590,90459
56861,84589,77925,81204,84017,14519,88856,52365,53414,22435,116298,137964,43058,94344,78733,82270,135380,15838,137130,35913,33289,109671,117314,128490,130382,135686,89237,122887,135378,27980,34386,43625,54691,141009,65801,53473,53146,59698,96490,136846,0,64273,124161,39526,75136,126001,67722,56854,28254,61565,137055,117631,40874,121859,38300,19978,61861,82694,140019,36105,81294,31354,41358,90584,115987,82336,88863,47703,13894,50239,139321,43316,106162,49946,14449,62757,20697,131008,135377,51636,84944,83590,73696,103902,60114,84228,65169,62513,57985,140152,44263,101671,33179,135799,102744,28305,64273,122187,50900
51320,21783,26509,59188,34214,50938,64255,23642,66471,52260,64163,104108,39827,59164,27375,28799,101752,55017,98469,67037,64525,76200,65939,85966,104331,102490,25527,67161,104357,58520,45354,48763,66310,86963,1863,22866,45365,29389,63527,105305,64273,0,82539,25847,46510,66861,71809,46093,42164,21549,108488,74617,27009,72399,27674,51380,68695,28280,95807,48217,26488,44549,38113,36311,70997,63434,29723,32226,52517,50547,85768,26652,80818,47350,51795,29730,60150,103563,104369,34626,53158,29037,22994,70466,38795,50078,37572,22291,29994,92863,20013,68264,40988,103032,101252,59039,0,71920,31211
69779,85172,102674,45846,108293,110314,39104,105559,83053,102286,26298,24547,81104,29891,55218,53866,22938,108668,16172,100053,100213,18534,24131,4426,34317,23963,81744,34007,27812,100452,89991,82049,81607,32891,80926,74805,71729,66176,28517,27891,124161,82539,0,91431,49049,44896,72546,68113,96200,68017,33646,7969,104237,18091,91303,104294,76113,54554,16042,88962,56302,92832,82872,105008,12240,47132,56702,77240,110432,76223,30854,84435,30621,75441,109971,63316,107217,31949,27836,72806,39326,53906,60009,22294,121330,39953,59223,66855,112532,18822,93017,24015,91064,24840,68182,100496,82539,19919,74209
37584,47397,46305,55495,53786,25512,62491,25993,47716,26672,79228,109278,20878,63128,40471,43732,106735,29174,106103,43335,40500,80155,80526,95486,105481,107265,51371,84791,108044,33797,22198,29251,48039,103676,27120,16632,31236,25571,66467,109290,39526,25847,91431,0,45140,87023,57112,33849,16730,24009,111036,84093,16502,85863,2129,25573,52536,43980,106549,25724,42448,20283,18194,58379,81575,58511,49528,17430,26924,33759,102139,7810,80601,31063,26212,28238,34529,105391,108050,22357,54548,44884,35214,74106,42362,52645,33909,25122,35066,105381,8029,71761,16986,107596,91059,34360,25847,85900,19324
22611,60581,72435,12765,79825,61432,18093,65171,39406,53256,46205,64410,32083,19212,25868,28473,61845,59620,62276,53177,52753,35353,46457,53402,60518,62323,60372,55323,62935,51969,40950,33476,38255,69970,45632,29503,23035,19984,21730,64207,75136,46510,49049,45140,0,62551,35157,19612,47339,25645,65910,42793,60235,49217,44506,55247,35544,29776,64978,40063,30241,43791,33960,80051,41739,17243,38322,29021,61463,28319,68018,37497,35805,26947,61022,18019,58449,60316,62940,24243,9861,30056,26456,29355,82393,9360,11231,24666,73704,65684,48892,27035,42128,62608,56264,52076,46510,50003,26283
84422,57797,76426,68662,79543,111525,65947,89648,101866,107704,20719,68316,87162,51954,47450,43799,67187,112860,57767,113657,112548,55995,22238,44788,79130,68252,52613,10975,72446,109749,96328,92457,100761,24636,65000,72689,82779,68243,54956,72315,126001,66861,44896,87023,62551,0,96777,80213,98732,64618,78377,40013,93637,26859,87941,108433,97926,43316,47357,97074,44709,97813,87586,73818,35727,72480,37770,80094,112466,89029,24562,82709,68715,86769,111822,65351,114699,76823,72471,77714,57323,42424,52338,54872,101396,54956,66675,63757,93619,40352,84605,54628,94815,69191,105833,110035,66861,25004,76984
20572,90522,98063,28655,105847,58420,33822,82765,14495,46755,78625,77770,36255,46577,59323,62519,75339,52841,80591,33590,35335,54325,78348,76839,66460,75319,91616,88517,73671,39743,38618,28730,13108,100319,71679,49192,26841,42945,45482,75299,67722,71809,72546,57112,35157,96777,0,25716,47860,51130,73810,68986,73410,79247,55347,49993,5862,63767,87979,35172,63840,42173,38993,108006,69885,25880,72582,41212,57261,23362,98232,50293,45412,26102,57221,43614,47079,67736,73663,37564,39548,64211,58144,50341,99467,41827,36843,50765,91919,91245,64279,48898,43430,75138,35634,39422,71809,80479,41156
5420,65158,72377,24466,80155,43937,32102,58392,23034,34533,65292,81155,15005,38269,36663,40287,78570,41072,80399,33841,33226,52854,65712,72514,74529,78901,66615,73932,78777,32430,22505,13952,22327,89394,45979,23557,3708,17557,39896,80205,56854,46093,68113,33849,19612,80213,25716,0,30314,25682,80832,62206,50323,68771,32455,36889,22940,41396,84134,20957,41040,25780,17591,82310,61325,26228,50156,16614,43622,8898,87471,26294,49820,7362,43279,18786,39104,74882,78778,12224,28870,42020,34289,47161,75506,28959,13874,25444,67511,85179,40106,44974,24996,79043,57476,32515,46093,69506,15823
31773,63893,62772,54688,70116,14115,62274,40517,35792,10110,88170,111105,15502,66520,51282,54951,108521,14152,109589,27320,24314,82378,89139,100493,104840,108901,67625,95039,108959,17255,9244,19434,36523,112889,43264,26115,26719,31503,68950,110359,28254,42164,96200,16730,47339,98732,47860,30314,0,34132,111129,89524,28875,93612,14691,9826,42459,55509,111973,12762,54251,5717,13382,74994,87781,56520,62417,19457,14365,25847,111174,16704,80120,24409,13845,34563,17996,105191,108961,23450,57197,56386,46478,76487,55027,56252,37032,34975,49041,111945,24412,74207,5329,109086,83333,17838,42164,93954,22661
31088,39477,48023,38057,55674,47049,43709,39773,47797,43367,55337,87227,24421,41023,17194,20823,84744,48277,83139,52846,50979,58349,56577,71954,85368,85366,41045,61376,86638,46676,32783,32083,47359,79902,21034,8095,25817,8185,44918,87755,61565,21549,68017,24009,25645,64618,51130,25682,34132,0,90210,60494,36370,61854,24357,43883,48622,21384,82832,34379,20178,33675,24021,57096,57763,42141,28706,16431,47900,31829,78315,18307,61058,28698,47268,8184,50702,84903,86647,16118,33539,22257,12366,52356,56874,30930,16037,1163,48131,81434,25041,50040,30462,85790,79703,47061,21549,61901,13803
80212,115173,131463,56471,137787,124715,48972,129850,87513,114637,59808,11522,95688,49431,81676,81444,11605,121235,22559,106560,107709,32293,57690,33683,7602,10554,112442,67576,5985,110233,103138,93451,86003,62522,107126,95258,84475,85782,45312,6569,137055,108488,33646,111036,65910,78377,73810,80832,111129,90210,0,40036,126001,51708,110336,117314,79045,82420,35650,101010,83987,106542,98077,135454,44785,54776,86630,94463,124284,86817,60822,103346,31013,87284,123984,83507,117615,6109,5959,89494,56819,81972,85539,38061,146658,59281,77135,89093,137812,43459,114603,40314,105803,9576,53035,110093,108488,53513,91968
64300,77309,94736,41210,100404,103624,35166,97702,78544,95992,20069,31880,74635,24057,47325,45915,30032,102288,24121,94864,94830,17455,18101,11488,39593,31005,73966,29050,34439,94635,83675,76153,77141,32551,72995,67462,65745,59044,23711,34744,117631,74617,7969,84093,42793,40013,68986,62206,89524,60494,40036,0,96595,13622,84043,97870,72087,46594,22527,82855,48344,86389,76275,97219,4749,43162,48791,70366,103828,70580,30427,77238,30542,69566,103345,56127,101224,37494,34460,66077,33352,45941,52170,19068,113402,33500,52492,59334,104612,23029,85431,20166,84463,31814,68610,94713,74617,15459,67281
54077,44682,37198,71286,43698,30297,78017,12220,63288,36948,89082,123502,37170,77228,50292,52848,121001,36631,119492,56053,52969,94503,90648,108082,120752,121597,49752,93190,122692,45635,36741,45107,63751,112767,28834,30754,47737,40261,80921,123862,40874,27009,104237,16502,60235,93637,73410,50323,28875,36370,126001,96595,0,96614,18103,34610,68660,52718,118723,40458,50979,33970,34418,49869,93597,74538,56053,33801,32323,50055,111430,24080,96003,47460,31645,42500,43977,120503,122700,38623,69196,53585,45050,88472,26408,66922,49121,37531,20206,116748,11414,86137,31350,121992,107556,46235,27009,96391,35379
71708,71270,89523,50700,94442,107505,45793,96002,87386,101068,9356,42115,79557,32732,46322,43938,40757,107068,32237,102370,101966,30779,7135,18567,52271,41808,67226,15928,45832,100868,88853,82465,86065,21116,70636,69527,72057,62207,33993,45816,121859,72399,18091,85863,49217,26859,79247,68771,93612,61854,51708,13622,96614,0,86150,102579,81710,44256,24646,88569,46046,91190,80804,90356,10190,53459,43933,74157,107966,77535,19061,79715,43877,76044,107419,59157,106988,49972,45856,70419,40955,43448,51579,31268,110629,39996,57227,60746,102044,20496,85929,31783,88847,42720,81859,101019,72399,1870,70960
36014,49306,48429,54556,55915,24103,61651,27976,45738,24691,79685,108790,19093,62744,41110,44462,106240,27418,105826,41208,38378,79668,80934,95397,104687,106751,53199,85463,107441,31699,20085,27313,46087,104209,28890,16669,29716,25223,65975,108708,38300,27674,91303,2129,44506,87941,55347,32455,14691,24357,110336,84043,18103,86150,0,23706,50695,44767,106533,23627,43278,18155,16367,60488,81629,57451,50590,16260,25416,31985,102643,7015,79782,29359,24713,28001,32565,104649,107447,21253,54029,45670,35902,73624,44182,52243,33290,25437,37013,105525,10152,71281,14859,107064,89489,32260,27674,86233,18414
37116,72968,70469,61279,77550,8489,68931,46771,36402,3334,97433,118026,23235,74442,60990,64683,115442,4499,117158,22918,19741,89693,98327,108639,110742,115759,76905,104533,115517,12346,14409,23898,37459,122139,52583,35903,33181,40798,76526,116972,19978,51380,104294,25573,55247,108433,49993,36889,9826,43883,117314,97870,34610,102579,23706,0,44236,65267,120195,16319,64032,11481,21777,82925,96367,62544,72239,28687,7294,30581,120389,26503,86360,30063,7228,43842,9408,111291,115517,32160,65027,66139,56243,83927,59536,64404,45535,44699,54629,120517,32635,81699,13805,115884,85575,12917,51380,102995,31893
17539,88095,94685,31059,102480,52684,37051,78386,8705,40981,80454,82587,31676,48988,58329,61709,80121,47019,84919,27890,29539,58175,80333,80464,71768,80147,89519,90122,78683,33882,33246,23645,7278,102826,68699,45874,23337,40489,48399,80296,61861,68695,76113,52536,35544,97926,5862,22940,42459,48622,79045,72087,68660,81710,50695,44236,0,62916,91767,29713,62824,36749,34343,104998,72650,29009,71763,37318,51490,18909,100763,46021,50038,21898,51464,41535,41217,72951,78676,34115,41228,63429,56645,53821,94877,43120,35400,48376,87521,94661,59923,52213,38207,80007,41341,33560,68695,82848,37633
46496,33449,49046,41475,55451,68211,43839,51790,64405,64711,36387,76968,44940,34618,4765,1310,74719,69658,70623,72756,71212,50392,38017,57834,79112,75529,31924,40910,77829,67541,53786,51463,63623,60180,26575,29410,43018,26158,39279,78627,82694,28280,54554,43980,29776,43316,63767,41396,55509,21384,82420,46594,52718,44256,44767,65267,62916,0,67532,54989,1794,54937,44976,53787,42813,46161,8848,37366,69153,49465,58779,39393,57501,46693,68507,23636,71944,77985,77844,35750,31753,904,9035,45170,66926,28237,27710,20593,58194,64663,42534,43213,51797,76148,85298,67886,28280,43880,34400
85819,95878,114039,61796,119063,126082,54896,119209,98887,118234,33971,24187,96978,45882,68875,67023,24214,124588,13124,116052,116241,33654,31775,11625,39491,25208,91872,37806,29904,116489,105928,98076,97428,27449,94106,89925,87741,81569,44545,29081,140019,95807,16042,106549,64978,47357,87979,84134,111973,82832,35650,22527,118723,24646,106533,120195,91767,67532,0,104956,69321,108722,98685,114996,25127,62881,68211,92872,126250,92265,25994,99748,44276,91468,125776,78645,123236,36729,29931,88538,55312,66793,73921,38089,134406,55796,74947,81678,125711,7970,107660,39931,106878,26169,80055,116536,95807,25806,89797
20802,69799,71581,45128,79199,24145,52777,51399,23133,13675,84200,101887,10051,59076,50359,54172,99306,20268,101350,18937,16725,73785,84876,93349,94423,99600,72776,92061,99274,12676,3729,7580,23803,108730,48912,27530,17278,28953,60844,100741,36105,48217,88962,25724,40063,97074,35172,20957,12762,34379,101010,82855,40458,88569,23627,16319,29713,54989,104956,0,54062,7045,10536,83264,81698,46252,62926,17963,23433,14272,106888,21689,70077,13860,23212,31755,18438,94981,99273,19382,49644,55792,46312,68116,66855,49387,31438,34874,60280,105728,33733,65932,9108,99705,70731,12965,48217,89145,20671
46209,32168,47480,42170,53964,66828,44802,49996,64072,63544,38148,78632,44012,35951,4517,2543,76373,68404,72358,71988,70382,51903,39790,59601,80601,77176,30873,42540,79436,66566,52761,50739,63326,61874,24787,28137,42522,25368,40600,80248,81294,26488,56302,42448,30241,44709,63840,41040,54251,20178,83987,48344,50979,46046,43278,64032,62824,1794,69321,54062,0,53819,43953,52463,44585,46853,9142,36332,67802,48958,60488,38025,58786,46130,67151,22968,70841,79504,79450,34919,32724,2614,7826,46619,65148,29219,27492,19445,56411,66456,40856,44632,50636,77788,86035,66921,26488,45664,33421
26674,66323,66578,50246,74069,18174,57882,45284,30108,9971,86205,106903,11754,62996,50499,54259,104318,15924,105807,23055,20262,78407,87048,97172,100121,104662,69715,93526,104556,13979,3631,13935,30818,110888,45463,26020,22097,29743,65154,105985,31354,44549,92832,20283,43791,97813,42173,25780,5717,33675,106542,86389,33970,91190,18155,11481,36749,54937,108722,7045,53819,0,10432,78570,84896,51799,62349,17725,17860,20498,109114,18037,75535,19370,17501,32750,17027,100561,104556,20798,53591,55786,45994,72598,60288,52928,34075,34374,54004,109042,28274,70354,3567,104813,77685,14491,44549,91635,20873
20182,59520,62360,41607,70079,27474,49132,44109,29797,20395,75774,97806,2794,53151,40439,44231,95223,26264,96207,29421,27261,69020,76620,87180,91927,95619,62356,83134,95767,22657,8810,11282,30010,100457,38696,16995,14272,19387,55570,97147,41358,38113,82872,18194,33960,87586,38993,17591,13382,24021,98077,76275,34418,80804,16367,21777,34343,44976,98685,10536,43953,10432,0,73696,74655,43736,52691,7623,27565,15637,98685,12234,67103,13152,27099,22366,27114,92185,95769,10386,43817,45805,36150,63116,60540,42919,23817,24592,53221,98817,25725,60832,8193,95821,73437,23040,38113,81231,10616
87584,20370,12672,92765,8037,79911,96599,38256,102670,84609,81025,128899,75665,88400,55818,54934,126849,85687,121083,101594,98831,103881,83223,107428,132627,127745,23267,79286,130516,92169,80051,84684,102555,98073,36332,59173,81674,65221,93056,131147,90584,36311,105008,58379,80051,73818,108006,82310,74994,57096,135454,97219,49869,90356,60488,82925,104998,53787,114996,83264,52463,78570,73696,0,92768,97294,48830,68365,81863,86815,97610,61648,111248,83625,81160,65065,92266,131350,130533,70937,84685,54068,53767,98863,37677,81254,72690,57621,34492,109954,50585,96960,75142,128456,136086,92735,36311,89214,67505
63787,72953,90544,41599,96092,101838,36173,94258,78729,94621,15470,36530,73154,23835,43863,42210,34728,100819,28359,94467,94275,20702,13597,15050,44257,35710,69503,24822,39183,93708,82315,75215,77362,30608,69337,64979,64774,56877,24412,39474,115987,70997,12240,81575,41739,35727,69885,61325,87781,57763,44785,4749,93597,10190,81629,96367,72650,42813,25127,81698,44585,84896,74655,92768,0,44010,44537,68464,102132,69892,28493,74921,33764,68676,101625,53899,100124,42194,39204,64352,32728,42122,48847,21118,109729,32379,50841,56613,100974,24165,82541,21750,82814,36529,71694,93815,70997,11880,65328
25477,77771,89560,4687,97001,69965,8042,80795,36032,59903,53418,55995,41216,21000,42650,44853,53432,66502,56809,53824,54421,29480,52954,51500,48333,53647,77394,63545,53078,55999,48371,38711,34562,74490,62650,44534,29802,35328,19602,54572,82336,63434,47132,58511,17243,72480,25880,26228,56520,42141,54776,43162,74538,53459,57451,62544,29009,46161,62881,46252,46853,51799,43736,97294,44010,0,54288,41196,69510,32124,72395,50704,23827,32508,69215,34078,63263,48772,53077,36198,15814,46309,43650,24839,98116,19000,26338,41266,89595,65652,63521,23204,51212,53685,39202,55919,63434,54743,39216
55295,28630,46020,49612,51625,74509,51324,53200,73182,71938,35142,80206,52891,40798,13505,10069,78105,76541,72870,81014,79350,55277,37094,59496,83963,78985,25892,37440,81693,75344,61475,59809,72419,57264,27870,36408,51664,34421,45447,82340,88863,29723,56702,49528,38322,37770,72582,50156,62417,28706,86630,48791,56053,43933,50590,72239,71763,8848,68211,62926,9142,62349,52691,48830,44537,54288,0,45074,75609,58099,56108,45903,63673,55266,74938,32087,79371,82605,81710,43921,39319,8372,16638,50546,66917,35818,36531,28098,58485,64376,46835,48802,59075,79680,93239,75717,29723,43198,42256
20887,53114,57567,38386,65353,33402,45599,41858,34306,27659,68775,93415,8144,47890,32853,36636,90846,33181,91120,36616,34626,64374,69709,81477,88656,91307,55620,75874,91775,30271,16429,16665,34223,93490,32568,9881,14466,12112,50734,93088,47703,32226,77240,17430,29021,80094,41212,16614,19457,16431,94463,70366,33801,74157,16260,28687,37318,37366,92872,17963,36332,17725,7623,68365,68464,41196,45074,0,33809,18591,91757,9722,63737,15464,33268,15160,34635,88703,91779,5014,38797,38199,28527,58371,58911,37446,18088,16976,50998,92613,23502,56046,14887,91573,74075,30646,32226,74497,3212
44164,73616,69242,68080,75972,2110,75723,44505,43565,10509,102437,124762,29396,80672,65092,68680,122176,5397,123607,28933,25824,96250,103438,114744,117780,122517,77918,109126,122378,18799,21156,31004,44656,127152,53902,39807,39928,45812,82947,123816,13894,52517,110432,26924,61463,112466,57261,43622,14365,47900,124284,103828,32323,107966,25416,7294,51490,69153,126250,23433,67802,17860,27565,81863,102132,69510,75609,33809,0,37700,125454,29781,93297,37003,724,48871,13578,118281,122378,37783,71301,70043,60128,90421,55658,70481,51343,48817,51641,126297,32832,88166,19372,122664,92821,19314,52517,108295,37007
6677,70800,76150,31345,83938,38357,38946,59511,16050,27826,74179,87981,12893,46544,44702,48417,85406,34420,87921,24952,24434,60292,74578,80642,80180,85665,72774,82828,85200,24302,16890,6697,15778,98227,50726,27711,6450,24215,47788,86687,50239,50547,76223,33759,28319,89029,23362,8898,25847,31829,86817,70580,50055,77535,31985,30581,18909,49465,92265,14272,48958,20498,15637,86815,69892,32124,58099,18591,37700,0,96293,27113,55942,3204,37467,26117,31343,80773,85199,16078,37246,50140,41823,54801,76120,37608,22452,31847,68655,93598,41034,52700,20887,85737,58020,24312,50547,78303,19348
90587,80367,99080,69735,102874,124857,64631,109306,106431,119057,23030,49649,97620,51777,61755,58771,49217,124887,38465,121193,120697,47730,22066,28503,63489,50270,75539,18898,54885,119321,106957,101021,105115,2126,83927,86253,90669,79672,52840,54315,139321,85768,30854,102139,68018,24562,98232,87471,111174,78315,60822,30427,111430,19061,102643,120389,100763,58779,25994,106888,60488,109114,98685,97610,28493,72395,56108,91757,125454,96293,0,96526,60671,94682,124878,76613,125241,60850,54911,88321,59980,57897,67062,49354,122599,58895,75451,77265,114374,18091,101295,50180,106593,51249,98661,119497,85768,18052,88545
30317,48376,50170,47692,57872,28820,54719,32478,41969,26632,73515,101778,14567,55755,35428,38955,99226,30704,98869,40402,37873,72657,74684,88557,97733,99737,51682,79682,100431,32003,18708,23494,42119,98141,27480,10275,23904,18282,58964,101695,43316,26652,84435,7810,37497,82709,50293,26294,16704,18307,103346,77238,24080,79715,7015,26503,46021,39393,99748,21689,38025,18037,12234,61648,74921,50704,45903,9722,29781,27113,96526,0,72839,24207,29127,21122,34411,97672,100436,14579,47015,40287,30384,66613,49361,45251,26277,19304,41634,98897,14000,64271,14473,100049,83694,32503,26652,79862,11517
49302,90942,105489,25504,112400,93709,18139,100807,58092,83730,47997,32645,64691,22930,55575,56328,30140,90329,35392,76735,77619,13108,46595,34308,24919,30231,89228,58110,29309,79654,72145,62538,56578,62777,79666,65300,53462,55782,18260,30835,106162,80818,30621,80601,35805,68715,45412,49820,80120,61058,31013,30542,96003,43877,79782,86360,50038,57501,44276,70077,58786,75535,67103,111248,33764,23827,63673,63737,93297,55942,60671,72839,0,56308,92990,53774,86975,25082,29307,58739,27693,57280,58496,14266,117930,30749,46885,60000,109166,49095,84684,15332,74795,30169,38070,79548,80818,45624,61368
7367,67604,72997,31268,80788,37492,38919,56667,19245,27530,72371,88029,10359,45617,41929,45673,85447,34114,87561,26923,26085,59970,72851,79846,80792,85745,69604,80826,85455,25069,15880,6608,18982,96589,47524,24509,4037,21187,47157,86914,49946,47350,75441,31063,26947,86769,26102,7362,24409,28698,87284,69566,47460,76044,29359,30063,21898,46693,91468,13860,46130,19370,13152,83625,68676,32508,55266,15464,37003,3204,94682,24207,56308,0,36713,23208,31791,81278,85455,12879,36226,47388,38895,54347,73389,36303,20095,28744,65819,92540,38180,52187,19244,85854,60286,25154,47350,76750,16147
43902,72892,68542,67742,75283,1582,75381,43834,43595,10505,101858,124402,28972,80228,64459,68040,121816,5792,123192,29213,26088,95856,102867,114278,117501,122162,77195,108516,122048,18987,20846,30771,44668,126571,53182,39174,39590,45250,82532,123481,14449,51795,109971,26212,61022,111822,57221,43279,13845,47268,123984,103345,31645,107419,24713,7228,51464,68507,125776,23212,67151,17501,27099,81160,101625,69215,74938,33268,724,37467,124878,29127,92990,36713,0,48309,13987,117987,122048,37284,70865,69398,59485,90018,55082,70019,50854,48191,51006,125789,32108,87758,18908,122314,92802,19513,51795,107741,36460
24175,46947,56186,30107,63819,48357,36094,47164,41636,42719,53620,81196,21811,34951,18895,22694,78671,48337,77866,49142,47674,52109,54576,67435,78361,79233,48040,60777,80217,44419,31018,27830,41027,78337,29177,11819,19737,3060,38469,81407,62757,29730,63316,28238,18019,65351,43614,18786,34563,8184,83507,56127,42500,59157,28001,43842,41535,23636,78645,31755,22968,32750,22366,65065,53899,34078,32087,15160,48871,26117,76613,21122,53774,23208,48309,0,49434,78042,80224,12374,26697,24377,15707,46063,64410,24517,7856,7483,55758,77960,31097,43721,30038,79599,71526,44719,29730,59443,11950
38004,81855,79839,62686,86947,15567,70275,56157,32725,7890,102479,119238,27737,77361,67477,71249,116668,8195,119245,15825,12905,91621,103206,111617,110750,116902,85620,110123,116283,7451,18426,25185,34017,127067,61260,43008,35501,46485,78941,117798,20697,60150,107217,34529,58449,114699,47079,39104,17996,50702,117615,101224,43977,106988,32565,9408,41217,71944,123236,18438,70841,17027,27114,92266,100124,63263,79371,34635,13578,31343,125241,34411,86975,31791,13987,49434,0,111528,116281,37185,67944,72789,63015,86078,68586,67790,49803,51396,63924,124131,41849,83942,20332,116948,82052,7693,60150,107546,37718
74180,111013,126964,50581,133430,118732,43139,124620,81410,108597,57533,13958,89772,44402,77001,76964,12858,115193,23726,100452,101600,27603,55500,32782,2782,12042,108485,65899,7817,104142,97143,87417,79900,62668,102247,89749,78512,80250,40130,9338,131008,103563,31949,105391,60316,76823,67736,74882,105191,84903,6109,37494,120503,49972,104649,111291,72951,77985,36729,94981,79504,100561,92185,131350,42194,48772,82605,88703,118281,80773,60850,97672,25082,81278,117987,78042,111528,0,7794,83720,51408,77579,80689,33121,141524,54000,71521,83798,132692,44206,109122,35301,99868,11221,48000,103999,103563,51821,86255
78542,110312,126873,54313,133066,122714,46693,126104,86978,112942,54076,6242,93468,45651,77333,76911,5733,119539,16807,105837,106821,28329,51936,27743,10463,4723,107436,61695,27,108960,101226,91761,85462,56629,102957,92028,82460,82618,41782,1679,135377,104369,27836,108050,62940,72471,73663,78778,108961,86647,5959,34460,122700,45856,107447,115517,78676,77844,29931,99273,79450,104556,95769,130533,39204,53077,81710,91779,122378,85199,54911,100436,29307,85455,122048,80224,116281,7794,0,86859,53557,77359,81379,34292,142761,55790,74161,85514,133904,37666,111287,36608,103633,3768,55637,108852,104369,47650,89172
17003,54726,60591,33373,68384,37548,40604,46226,32125,30737,65434,88570,9468,43268,31070,34885,85996,36649,86468,37095,35466,59573,66255,77081,83658,86444,56782,72938,86855,32046,18763,16022,31839,90101,34722,11768,10790,9607,45972,88179,51636,34626,72806,22357,24243,77714,37564,12224,23450,16118,89494,66077,38623,70419,21253,32160,34115,35750,88538,19382,34919,20798,10386,70937,64352,36198,43921,5014,37783,16078,88321,14579,58739,12879,37284,12374,37185,83720,86859,0,34073,36532,27293,53592,63400,32896,13592,16330,55327,88518,28061,51276,18474,86697,69626,32346,34626,70846,3611
31063,64627,78188,11510,85285,71287,12087,73306,46464,62970,39229,54763,41910,9435,28939,30475,52211,69376,52417,61739,61572,25647,39123,43706,51831,52725,63597,48992,53551,61291,50687,42822,45167,61999,52044,38481,32443,29062,11961,54767,84944,53158,39326,54548,9861,57323,39548,28870,57197,33539,56819,33352,69196,40955,54029,65027,41228,31753,55312,49644,32724,53591,43817,84685,32728,15814,39319,38797,71301,37246,59980,47015,27693,36226,70865,26697,67944,51408,53557,34073,0,31752,31180,19612,90342,3518,20801,32451,81551,56357,57792,17275,51979,53049,54000,61364,53158,41942,35982
47091,33711,49515,41623,55852,69105,43834,52576,65013,65570,35535,76423,45745,34372,5483,1734,74187,70534,69992,73512,71986,49997,37177,57153,78733,75004,32041,40009,77344,68356,54614,52208,64217,59293,27319,30292,43691,26932,39039,78127,83590,29037,53906,44884,30056,42424,64211,42020,56386,22257,81972,45941,53585,43448,45670,66139,63429,904,66793,55792,2614,55786,45805,54068,42122,46309,8372,38199,70043,50140,57897,40287,57280,47388,69398,24377,72789,77579,77359,36532,31752,0,9919,44829,67640,28234,28292,21456,58922,63869,43424,42898,52656,75630,85410,68697,29037,43056,35221
39597,34127,47033,39066,54108,59203,42915,45555,57268,55725,44315,81143,36269,36344,5315,8581,78775,60628,75769,64388,62712,53246,45764,63621,81534,79507,34087,49579,81367,58780,44954,43222,56610,68549,21589,20375,35439,17848,40807,82311,73696,22994,60009,35214,26456,52338,58144,34289,46478,12366,85539,52170,45050,51579,35902,56243,56645,9035,73921,46312,7826,45994,36150,53767,48847,43650,16638,28527,60128,41823,67062,30384,58496,38895,59485,15707,63015,80689,81379,27293,31180,9919,0,47568,61619,27864,21319,11619,52770,71709,34398,45400,42815,80044,82715,59141,22994,51404,25649
48219,78494,93978,23794,100580,90515,16821,91854,60804,81676,34221,35172,61061,11383,43934,44092,32630,88185,33241,78089,78401,6050,33004,26662,34041,33175,76364,44488,34283,79104,69521,60924,59349,51479,69134,57882,50854,48561,7652,35407,103902,70466,22294,74106,29355,54872,50341,47161,76487,52356,38061,19068,88472,31268,73624,83927,53821,45170,38089,68116,46619,72598,63116,98863,21118,24839,50546,58371,90421,54801,49354,66613,14266,54347,90018,46063,86078,33121,34292,53592,19612,44829,47568,0,108606,21556,40412,51222,99757,40906,77059,2345,71215,33537,51066,79105,70466,32875,55586
79678,44332,27558,94404,29686,53548,100486,17323,89683,62251,102033,142735,63239,97228,66161,67522,140347,60660,137261,81846,78706,114469,103937,124726,142105,141059,49901,103716,142751,71262,63134,71425,90125,123572,40408,53602,73263,62830,101399,143757,60114,38795,121330,42362,82393,101396,99467,75506,55027,56874,146658,113402,26408,110629,44182,59536,94877,66926,134406,66855,65148,60288,60540,37677,109729,98116,66917,58911,55658,76120,122599,49361,117930,73389,55082,64410,68586,141524,142761,63400,90342,67640,61619,108606,0,87562,71879,57930,8859,131124,35410,106344,57749,141571,132981,71864,38795,110009,59906
31712,61163,74896,14516,81945,70366,15603,70620,47859,62494,37517,56680,41183,10505,25473,26960,54153,68808,53708,62380,62036,27597,37595,44265,54542,54718,60092,47018,55783,61329,50177,42836,46619,60875,48916,36335,32396,27074,14011,56941,84228,50078,39953,52645,9360,54956,41827,28959,56252,30930,59281,33500,66922,39996,52243,64404,43120,28237,55796,49387,29219,52928,42919,81254,32379,19000,35818,37446,70481,37608,58895,45251,30749,36303,70019,24517,67790,54000,55790,32896,3518,28234,27864,21556,87562,0,19361,29814,78747,56343,55509,19217,51112,55091,57465,61436,50078,40850,34506
18807,54198,64002,22525,71612,51137,28920,54579,36746,43879,52789,75546,22365,29805,23033,26558,72988,49997,73037,46995,45998,46442,53439,63491,71682,73484,54921,60907,74156,43937,31630,25938,35929,77292,36983,18496,16117,9056,32761,75418,65169,37572,59223,33909,11231,66675,36843,13874,37032,16037,77135,52492,49121,57227,33290,45535,35400,27710,74947,31438,27492,34075,23817,72690,50841,26338,36531,18088,51343,22452,75451,26277,46885,20095,50854,7856,49803,71521,74161,13592,20801,28292,21319,40412,71879,19361,0,15290,63302,75001,37832,38076,31990,73786,63702,44141,37572,57751,15194
30861,39773,48715,37140,56338,47994,42707,40856,47760,44119,54276,86078,24873,39884,16309,19985,83597,49110,81976,53230,51417,57212,55501,70793,84275,84221,41188,60396,85505,47247,33381,32342,47286,78862,21699,9048,25745,7887,43795,86618,62513,22291,66855,25122,24666,63757,50765,25444,34975,1163,89093,59334,37531,60746,25437,44699,48376,20593,81678,34874,19445,34374,24592,57621,56613,41266,28098,16976,48817,31847,77265,19304,60000,28744,48191,7483,51396,83798,85514,16330,32451,21456,11619,51222,57930,29814,15290,0,49173,80299,26204,48908,31206,84647,78990,47622,22291,60804,14226
71865,37448,22736,85813,26997,49549,91796,9155,82749,57082,93536,133878,55849,88381,57341,58764,131488,56313,128442,76257,73175,105615,95409,115955,133288,132200,43061,95523,133894,65834,56599,64315,83098,115400,31637,45163,65439,54272,92564,134898,57985,29994,112532,35066,73704,93619,91919,67511,49041,48131,137812,104612,20206,102044,37013,54629,87521,58194,125711,60280,56411,54004,53221,34492,100974,89595,58485,50998,51641,68655,114374,41634,109166,65819,51006,55758,63924,132692,133904,55327,81551,58922,52770,99757,8859,78747,63302,49173,0,122539,27640,97498,51205,132712,124951,66435,29994,101462,51783
87330,91308,109725,64033,114397,125996,57610,116444,101370,118740,29344,32056,97295,47086,66511,64293,31933,124964,20901,117883,117860,37351,27303,14804,46940,32952,87035,31461,37638,117607,106427,99115,99947,19493,91107,88856,88691,80959,46525,36893,140152,92863,18822,105381,65684,40352,91245,85179,111945,81434,43459,23029,116748,20496,105525,120517,94661,64663,7970,105728,66456,109042,98817,109954,24165,65652,64376,92613,126297,93598,18091,98897,49095,92540,125789,77960,124131,44206,37666,88518,56357,63869,71709,40906,131124,56343,75001,80299,122539,0,105905,42448,106978,33922,85943,117693,92863,21186,89468
44291,40784,38387,60136,45812,31146,66751,18487,55464,34094,78684,112099,28288,65821,39702,42526,109595,35837,108179,51309,48442,83091,80159,96910,109395,110188,45150,83367,111279,41621,30225,36945,55723,102712,21576,19390,37869,28908,69508,112448,44263,20013,93017,8029,48892,84605,64279,40106,24412,25041,114603,85431,11414,85929,10152,32635,59923,42534,107660,33733,40856,28274,25725,50585,82541,63521,46835,23502,32832,41034,101295,14000,84684,38180,32108,31097,41849,109122,111287,28061,57792,43424,34398,77059,35410,55509,37832,26204,27640,105905,0,74723,25010,110581,97577,42194,20013,85791,24637
46142,76594,91922,21866,98574,88246,15162,89567,59042,79471,34096,37517,58795,9119,41853,42115,34975,85969,35459,76147,76407,8395,33014,28419,36149,35518,74563,44423,36600,77001,67296,58774,57599,52302,66947,55540,48661,46217,5315,37734,101671,68264,24015,71761,27035,54628,48898,44974,74207,50040,40314,20166,86137,31783,71281,81699,52213,43213,39931,65932,44632,70354,60832,96960,21750,23204,48802,56046,88166,52700,50180,64271,15332,52187,87758,43721,83942,35301,36608,51276,17275,42898,45400,2345,106344,19217,38076,48908,97498,42448,74723,0,68941,35878,51206,77010,68264,33317,53253
26608,62760,63215,49359,70744,19312,56946,42370,32107,12914,83631,105791,10185,61328,47421,51156,103207,18302,104345,26452,23726,77093,84535,95373,99525,103583,66148,90754,103632,17546,5398,14731,32686,108340,41896,22684,21418,26997,63694,105033,33179,40988,91064,16986,42128,94815,43430,24996,5329,30462,105803,84463,31350,88847,14859,13805,38207,51797,106878,9108,50636,3567,8193,75142,82814,51212,59075,14887,19372,20887,106593,14473,74795,19244,18908,30038,20332,99868,103633,18474,51979,52656,42815,71215,57749,51112,31990,31206,51205,106978,25010,68941,0,103766,78709,18056,40988,89238,18090
79064,108309,125105,54605,131176,122936,46954,125048,88190,113380,51138,2887,93584,44777,75849,75257,2041,119968,13046,106902,107782,27494,48968,24405,13973,978,105293,58481,3741,109678,101538,92238,86674,52946,101580,91418,82741,82079,41144,3131,135799,103032,24840,107596,62608,69191,75138,79043,109086,85790,9576,31814,121992,42720,107064,115884,80007,76148,26169,99705,77788,104813,95821,128456,36529,53685,79680,91573,122664,85737,51249,100049,30169,85854,122314,79599,116948,11221,3768,86697,53049,75630,80044,33537,141571,55091,73786,84647,132712,33922,110581,35878,103766,0,58552,109589,103032,44488,88889
53479,116831,127704,43874,135304,94024,42275,115850,49421,82312,85260,61436,70643,55223,81851,83992,59670,88271,68774,67371,69646,51161,84069,71452,45651,59157,116582,95550,55656,74900,74094,63987,48232,100757,100684,80239,59832,72030,51407,57262,102744,101252,68182,91059,56264,105833,35634,57476,83333,79703,53035,68610,107556,81859,89489,85575,41341,85298,80055,70731,86035,77685,73437,136086,71694,39202,93239,74075,92821,58020,98661,83694,38070,60286,92802,71526,82052,48000,55637,69626,54000,85410,82715,51066,132981,57465,63702,78990,124951,85943,97577,51206,78709,58552,0,74525,101252,83574,73171
30895,80814,80578,55545,87948,20994,63083,58141,25129,9783,96926,111914,22967,70733,63280,67090,109350,14169,112183,10059,6883,84554,97539,104911,103185,109563,84184,104929,108855,602,14339,18601,26390,121367,59952,39843,29043,41907,72093,110382,28305,59039,100496,34360,52076,110035,39422,32515,17838,47061,110093,94713,46235,101019,32260,12917,33560,67886,116536,12965,66921,14491,23040,92735,93815,55919,75717,30646,19314,24312,119497,32503,79548,25154,19513,44719,7693,103999,108852,32346,61364,68697,59141,79105,71864,61436,44141,47622,66435,117693,42194,77010,18056,109589,74525,0,59039,101661,33500
51320,21783,26509,59188,34214,50938,64255,23642,66471,52260,64163,104108,39827,59164,27375,28799,101752,55017,98469,67037,64525,76200,65939,85966,104331,102490,25527,67161,104357,58520,45354,48763,66310,86963,1863,22866,45365,29389,63527,105305,64273,0,82539,25847,46510,66861,71809,46093,42164,21549,108488,74617,27009,72399,27674,51380,68695,28280,95807,48217,26488,44549,38113,36311,70997,63434,29723,32226,52517,50547,85768,26652,80818,47350,51795,29730,60150,103563,104369,34626,53158,29037,22994,70466,38795,50078,37572,22291,29994,92863,20013,68264,40988,103032,101252,59039,0,71920,31211
72551,70269,88602,51884,93415,107799,47144,95547,88404,101537,8220,43839,80041,33916,46120,43615,42517,107488,33847,103179,102723,32537,6119,20257,54127,43571,66138,14088,47625,101500,89354,83134,87096,20057,70141,69643,72749,62498,35356,47590,122187,71920,19919,85900,50003,25004,80479,69506,93954,61901,53513,15459,96391,1870,86233,102995,82848,43880,25806,89145,45664,91635,81231,89214,11880,54743,43198,74497,108295,78303,18052,79862,45624,76750,107741,59443,107546,51821,47650,70846,41942,43056,51404,32875,110009,40850,57751,60804,101462,21186,85791,33317,89238,44488,83574,101661,71920,0,71293
20605,51599,57054,36176,64848,36575,43237,42698,35341,30825,65563,90689,10649,44981,29836,33635,88125,36387,88210,39044,37193,61607,66498,78428,86276,88606,53842,72685,89167,33147,19410,18475,35125,90278,31379,8363,14347,8907,47938,90459,50900,31211,74209,19324,26283,76984,41156,15823,22661,13803,91968,67281,35379,70960,18414,31893,37633,34400,89797,20671,33421,20873,10616,67505,65328,39216,42256,3212,37007,19348,88545,11517,61368,16147,36460,11950,37718,86255,89172,3611,35982,35221,25649,55586,59906,34506,15194,14226,51783,89468,24637,53253,18090,88889,73171,33500,31211,71293,0
